drug_code,generic_name,brand_name,strength,quantity,transaction_type,notes,created_at
H21-2270-06172-01,Prednisolone Sodium Phosphate,GUPISONE,20.2 mg/5ml,14,ADJUSTMENT_PLUS,SIM-F|RECEIVING_ERROR|Receiving quantity correction,2026-03-20T02:15:19.777+00:00
Q52-6456-00434-01,Argatroban,EXEMBOL,250 mg/2.5ml,1,ADJUSTMENT_MINUS,SIM-F|DAMAGED|Damaged goods write-off,2026-03-20T03:17:17.226+00:00
FR8-A685-11431-01,"Acetylcysteine,Taurine",ALBUNIL,"150 mg,500 mg",9,ADJUSTMENT_MINUS,SIM-F|DAMAGED|Damaged goods write-off,2026-03-20T05:11:06.665+00:00
J23-3596-03616-03,Meloxicam,NEOXICAM,7.5 mg,2,ADJUSTMENT_MINUS,SIM-F|WASTAGE|Wastage / spillage,2026-03-20T08:38:40.278+00:00
F99-0203-01384-01,Coagulation Factor VIII (Human),ALPHANATE,250 IU,1,ADJUSTMENT_MINUS,SIM-F|EXPIRED_WRITEOFF|Expired stock write-off,2026-03-20T08:41:22.992+00:00
FQ8-A659-11401-01,Itraconazole,ITRATOP,100 mg,3,ADJUSTMENT_MINUS,SIM-F|DAMAGED|Damaged goods write-off,2026-03-20T11:58:03.257+00:00
F12-5566-03054-01,"Ergocalciferol (Vitamin D2),INTRAVENOUS LIPID SOLUBLE VITAMINS-Vitamin A (as retinol palmitate),Vitamin E,Vitamin K (VITALIPID N ADULT)",VITALIPID N ADULT,"0.5 mcg/ml,99 mcg/ml,0.91 mg/ml,15 mcg/ml",25,ADJUSTMENT_PLUS,SIM-F|RECEIVING_ERROR|Receiving quantity correction,2026-03-20T13:14:01.997+00:00
DQ6-0739-00850-01,Calcitriol,CALCITRIOL,0.5 mcg,8,ADJUSTMENT_MINUS,SIM-F|DAMAGED|Damaged goods write-off,2026-03-20T13:33:22.51+00:00
E11-7480-09212-02,Budesonide,JORVEZA,0.5 mg,11,ADJUSTMENT_MINUS,SIM-F|DAMAGED|Damaged goods write-off,2026-03-20T17:17:32.015+00:00
J23-3561-01788-02,Diclofenac Sodium,NEOFLAM,50 mg,12,ADJUSTMENT_MINUS,SIM-F|WASTAGE|Wastage / spillage,2026-03-20T20:28:38.76+00:00
E63-4052-05900-01,Vitamin D3 (Cholecalciferol),PEDIAVIT D,400 IU,2,ADJUSTMENT_MINUS,SIM-F|WASTAGE|Wastage / spillage,2026-03-21T01:54:03.906+00:00
V07-E445-20618-01,Polymerized allergen extracts [6-Grass Mix 50% + Betula verrucosa 50%],CLUSTEK,10000 TU/1ml,6,ADJUSTMENT_PLUS,SIM-F|RECEIVING_ERROR|Receiving quantity correction,2026-03-21T07:23:32.017+00:00
D47-7191-07193-01,Herbal-Combination (EXTRAMMUNE),EXTRAMMUNE,Combination,3,ADJUSTMENT_MINUS,SIM-F|DAMAGED|Damaged goods write-off,2026-03-21T10:11:07.208+00:00
J82-5877-02158-01,Esomeprazole Magnesium,ZYNEX,20 mg,8,ADJUSTMENT_MINUS,SIM-F|DAMAGED|Damaged goods write-off,2026-03-21T13:45:07.652+00:00
DT4-A168-10667-01,"Fish oil Concentrated (Omega 3 fatty acids 300mg (EPA 186mg & DHA 58mg)),Evening Primrose oil (Omega-6 fatty acids 150mg (GLA 20mg)),Vitamin E (Alpha Tocopheryl Acetate)",EQUAZEN chews Capsules,"813 mg/2g,200 mg/2g,3.6 mg/2g",3,ADJUSTMENT_MINUS,SIM-F|DAMAGED|Damaged goods write-off,2026-03-21T17:06:52.761+00:00
G93-3891-01152-01,Chloramphenicol,OPTICHLOR,5 mg/ml,14,ADJUSTMENT_MINUS,SIM-F|DAMAGED|Damaged goods write-off,2026-03-21T17:47:52.528+00:00
E50-4350-02707-01,Hedera Helix (Dried Ivy Leaves Extract),PROSPAN COUGH,80 mg,13,ADJUSTMENT_MINUS,SIM-F|WASTAGE|Wastage / spillage,2026-03-22T11:06:37.94+00:00
F94-1757-01760-01,Diazoxide,EUDEMINE,15 mg/ml,1,ADJUSTMENT_MINUS,SIM-F|EXPIRED_WRITEOFF|Expired stock write-off,2026-03-23T01:18:48.443+00:00
I52-6519-03597-01,Mefloquine Hydrochloride,ELOQUINE,250 mg,1,ADJUSTMENT_MINUS,SIM-F|DAMAGED|Damaged goods write-off,2026-03-23T05:25:01.176+00:00
N37-7055-04533-01,Pioglitazone Hydrochloride,GLADOS,30 mg,14,ADJUSTMENT_PLUS,SIM-F|RECEIVING_ERROR|Receiving quantity correction,2026-03-23T07:47:35.786+00:00
F96-3977-04222-01,Oxybutynin Hydrochloride,OXYBUTYNIN,1 mg/ml,9,ADJUSTMENT_MINUS,SIM-F|WASTAGE|Wastage / spillage,2026-03-23T14:13:27.885+00:00
DO2-B775-13583-01,"Hydroxyapatite,Stannous Fluoride,Olaflur with Aqua",CALMODENT PROFESSIONAL ,"20 %w/w,0.675 %w/w,1.162 %w/w",21,ADJUSTMENT_PLUS,SIM-F|RECEIVING_ERROR|Receiving quantity correction,2026-03-23T19:12:42.965+00:00
J83-3806-04115-01,Octreotide,OCTREOTIDE ACETATE OMEGA,500 mcg/ml,7,ADJUSTMENT_MINUS,SIM-F|DAMAGED|Damaged goods write-off,2026-03-24T01:09:32.611+00:00
F38-2125-01455-01,Combination - GELTEC POWER PLUS,GELTEC POWER PLUS,Combination,10,ADJUSTMENT_MINUS,SIM-F|EXPIRED_WRITEOFF|Expired stock write-off,2026-03-24T04:20:34.173+00:00
P18-9868-10113-01,Levetiracetam,CONTEPTIL,100 mg/1ml,14,ADJUSTMENT_PLUS,SIM-F|SYSTEM_CORRECTION|System quantity correction,2026-03-24T16:47:41.852+00:00
EZ3-A445-11151-01,"ROSUVASTATIN ZINC 10.68 mg equivalent to Rosuvastatin 10mg,Ezetimibe",LIPOCOMB,"10 mg,10 mg",11,ADJUSTMENT_MINUS,SIM-F|DAMAGED|Damaged goods write-off,2026-03-24T22:11:01.451+00:00
E74-4647-03019-01,Interferon Alpha-2a (ROFERON-A),ROFERON-A,4.5 MIU,11,ADJUSTMENT_PLUS,SIM-F|SYSTEM_CORRECTION|System quantity correction,2026-03-25T02:05:18.828+00:00
F33-4506-03188-01,Isotretinoin,REDUCAR,20 mg,9,ADJUSTMENT_MINUS,SIM-F|DAMAGED|Damaged goods write-off,2026-03-25T14:55:54.163+00:00
DR6-4747-05035-02,Scopolamine,SCOPODERM TTS,1.5 mg,3,ADJUSTMENT_MINUS,SIM-F|DAMAGED|Damaged goods write-off,2026-03-25T18:02:19.278+00:00
E68-2517-00562-01,Azathioprine,IMURAN,25 mg,23,ADJUSTMENT_PLUS,SIM-F|RECEIVING_ERROR|Receiving quantity correction,2026-03-26T10:57:12.709+00:00
J23-3585-03479-01,Lisinopril Dihydrate,NEOPRIL,5 mg,3,ADJUSTMENT_MINUS,SIM-F|DAMAGED|Damaged goods write-off,2026-03-26T16:17:49.009+00:00
L91-0652-01837-01,Diltiazem Hydrochloride,BI-TILDIEM,120 mg,8,ADJUSTMENT_MINUS,SIM-F|WASTAGE|Wastage / spillage,2026-03-26T19:20:35.738+00:00
J39-0165-01179-01,"Chlorothymol,Laureth,Sodium oleate",ALCOS-ANAL,"1 mg/g,20 mg/g,100 mg/g",17,ADJUSTMENT_PLUS,SIM-F|RECEIVING_ERROR|Receiving quantity correction,2026-03-26T19:30:58.955+00:00
FO3-E211-19930-01,"Choline Salicylate Solution (eq. to Choline Salicylate 8.7% w/w),Lidocaine Hydrochloride",Dentogel,"17.4 % w/w/10 g,2 % w/w/10 g",6,ADJUSTMENT_MINUS,SIM-F|EXPIRED_WRITEOFF|Expired stock write-off,2026-03-26T19:39:29.986+00:00
J23-3586-02916-01,Ibuprofen,NEOPROFEN,600 mg,8,ADJUSTMENT_MINUS,SIM-F|EXPIRED_WRITEOFF|Expired stock write-off,2026-03-26T19:50:50.855+00:00
EY2-D519-00313-01,"Amlodipine Besilate,Hydrochlorothiazide,Valsartan",Valdipine H,"5 mg,12.5 mg,160 mg",3,ADJUSTMENT_MINUS,SIM-F|EXPIRED_WRITEOFF|Expired stock write-off,2026-03-26T23:37:54.85+00:00
E04-2481-02913-01,Ibuprofen,IBUTOP,50 mg/g,23,ADJUSTMENT_PLUS,SIM-F|RECEIVING_ERROR|Receiving quantity correction,2026-03-27T02:29:38.551+00:00
T81-7592-07496-01,Succimer,CHEMET,100 mg,5,ADJUSTMENT_MINUS,SIM-F|DAMAGED|Damaged goods write-off,2026-03-27T06:15:28.473+00:00
F72-4907-04344-01,"Caffeine,Codeine Phosphate,Paracetamol (Acetaminophen)",SOLPADEINE,"30 mg,8 mg,500 mg",7,ADJUSTMENT_MINUS,SIM-F|WASTAGE|Wastage / spillage,2026-03-27T06:45:43.203+00:00
M69-1854-02326-01,"Ferrous Sulfate,Zinc Sulfate",FEOSPAN Z,"150 mg,61.8 mg",3,ADJUSTMENT_MINUS,SIM-F|WASTAGE|Wastage / spillage,2026-03-27T10:21:36.474+00:00
J30-2136-04295-01,Pantoprazole Sodium,GENPOL,20 mg,15,ADJUSTMENT_PLUS,SIM-F|SYSTEM_CORRECTION|System quantity correction,2026-03-27T20:54:41.52+00:00
E13-0399-05211-01,Sodium Hyaluronate,ARTELAC ADVANCED,1.988 mg/ml,8,ADJUSTMENT_MINUS,SIM-F|DAMAGED|Damaged goods write-off,2026-03-27T22:56:47.671+00:00
L13-0025-05154-01,Sodium chloride,3% W/V SODIUM CHLORIDE INTRAVENOUS INFUSION BP,30 mg/ml,7,ADJUSTMENT_MINUS,SIM-F|DAMAGED|Damaged goods write-off,2026-03-28T01:07:49.11+00:00
J39-3701-05313-02,Sterculia,NORMACOL,620 mg/g,6,ADJUSTMENT_MINUS,SIM-F|DAMAGED|Damaged goods write-off,2026-03-28T03:13:32.809+00:00
F94-1757-01760-01,Diazoxide,EUDEMINE,15 mg/ml,3,ADJUSTMENT_MINUS,SIM-F|EXPIRED_WRITEOFF|Expired stock write-off,2026-03-28T07:15:43.369+00:00
E04-2481-02913-01,Ibuprofen,IBUTOP,50 mg/g,10,ADJUSTMENT_PLUS,SIM-F|RECEIVING_ERROR|Receiving quantity correction,2026-03-28T08:12:24.04+00:00
J31-4202-04576-01,Polyethylene Glycol,POLYETHYLENE GLYCOL,255 g,1,ADJUSTMENT_MINUS,SIM-F|DAMAGED|Damaged goods write-off,2026-03-28T09:45:56.725+00:00
J30-6836-04201-01,Oseltamivir Phosphate,FLUVIR,75 mg,7,ADJUSTMENT_MINUS,SIM-F|DAMAGED|Damaged goods write-off,2026-03-28T12:43:49.501+00:00
C22-4553-01171-01,Chloroquine,RESOCHIN,250 mg,1,ADJUSTMENT_MINUS,SIM-F|DAMAGED|Damaged goods write-off,2026-03-28T17:21:19.546+00:00
F91-D374-17671-01,"Amlodipine Besilate BP 13.87 mg equivalent to 10  mg Amlodipine base,Valsartan USP,Hydrochlorothiazide BP",GLOVADIP HCT,"10 mg/1 Tablet,160 mg/1Tablet,25 mg/1Tablet",1,ADJUSTMENT_MINUS,SIM-F|EXPIRED_WRITEOFF|Expired stock write-off,2026-03-28T18:33:35.292+00:00
E53-1661-01820-01,Digestive Combination,ENZYMEDICA GASTRO,Combination,10,ADJUSTMENT_MINUS,SIM-F|EXPIRED_WRITEOFF|Expired stock write-off,2026-03-29T09:49:38.306+00:00
J23-7648-00307-01,"Amlodipine Besilate,Valsartan",ADISARTZ,"10 mg,160 mg",5,ADJUSTMENT_PLUS,SIM-F|RECEIVING_ERROR|Receiving quantity correction,2026-03-29T10:01:34.74+00:00
D98-5919-06115-01,(Homeopathy) Mahonia Aquifolium,BERBERIS AQUIFOLIUM MT DHU,Combination,29,ADJUSTMENT_PLUS,SIM-F|RECEIVING_ERROR|Receiving quantity correction,2026-03-29T14:08:04.954+00:00
J23-3595-05009-01,Salbutamol Sulfate  (Albuterol),NEOVENTIL,2 mg/5ml,15,ADJUSTMENT_MINUS,SIM-F|DAMAGED|Damaged goods write-off,2026-03-29T14:26:53.665+00:00
G10-3477-03976-01,Naloxone Hydrochloride,NALOXONE,0.4 mg/ml,1,ADJUSTMENT_MINUS,SIM-F|DAMAGED|Damaged goods write-off,2026-03-30T12:02:41.24+00:00
F27-8587-08489-01,Clobetasol Propionate,CLOBEX,0.5 mg/g,2,ADJUSTMENT_MINUS,SIM-F|WASTAGE|Wastage / spillage,2026-03-30T13:20:46.277+00:00
J23-3967-04140-01,Olmesartan Medoxomil,OXAMI,20 mg,1,ADJUSTMENT_MINUS,SIM-F|WASTAGE|Wastage / spillage,2026-03-31T20:39:34.44+00:00
EY2-C605-18095-01,Vardenafil Hydrochloride Trihydrate 11.853 mg  equivalent to Vardenafil 10 mg,VARDEN,10 mg,1,ADJUSTMENT_MINUS,SIM-F|WASTAGE|Wastage / spillage,2026-04-01T02:53:29.618+00:00
E11-4705-07507-01,Mesalazine,SALOFALK,1500 mg,22,ADJUSTMENT_PLUS,SIM-F|RECEIVING_ERROR|Receiving quantity correction,2026-04-01T05:27:38.184+00:00
E50-2610-02929-01,Iceland Moss Extract,ISLA MOSS HERBAL,80 mg,24,ADJUSTMENT_PLUS,SIM-F|RECEIVING_ERROR|Receiving quantity correction,2026-04-01T12:10:48.353+00:00
J82-9293-02568-02,Gliclazide,G-ZIDE MR,60 mg,5,ADJUSTMENT_MINUS,SIM-F|DAMAGED|Damaged goods write-off,2026-04-02T06:29:36.935+00:00
QH7-A321-00581-01,Azithromycin (Dihydrate),AZIVID,500 mg,2,ADJUSTMENT_MINUS,SIM-F|DAMAGED|Damaged goods write-off,2026-04-02T06:37:16.785+00:00
EY2-C608-05397-01,Telmisartan,Telmisan,80 mg,11,ADJUSTMENT_PLUS,SIM-F|RECEIVING_ERROR|Receiving quantity correction,2026-04-02T11:53:51.248+00:00
E04-2481-02913-01,Ibuprofen,IBUTOP,50 mg/g,7,ADJUSTMENT_MINUS,SIM-F|DAMAGED|Damaged goods write-off,2026-04-02T12:09:18.06+00:00
EY2-E395-20290-01,Abiraterone Acetate USP,CANTIGA,250 mg/1Tablet,8,ADJUSTMENT_MINUS,SIM-F|EXPIRED_WRITEOFF|Expired stock write-off,2026-04-02T12:51:36.556+00:00
J23-3131-00576-01,Azithromycin (Dihydrate),MAZIT,250 mg,1,ADJUSTMENT_MINUS,SIM-F|DAMAGED|Damaged goods write-off,2026-04-02T16:53:06.035+00:00
F71-6886-06977-01,"Aspirin,Paracetamol (Acetaminophen),Caffeine",PANADOL MIGRANE,"250 mg,250 mg,65 mg",9,ADJUSTMENT_MINUS,SIM-F|DAMAGED|Damaged goods write-off,2026-04-03T17:40:02.581+00:00
E09-0099-00461-03,Ascorbic Acid (Vitamin C),ADDITIVA VITAMIN C,225 mg,29,ADJUSTMENT_PLUS,SIM-F|RECEIVING_ERROR|Receiving quantity correction,2026-04-03T23:46:49.678+00:00
J82-0131-03368-01,Levofloxacin Hemihydrate,ADVAQUIN,500 mg,11,ADJUSTMENT_MINUS,SIM-F|DAMAGED|Damaged goods write-off,2026-04-04T00:11:09.382+00:00
KB8-B938-04759-01,Propafenone Hydrochloride,PROPAFENONE HYDROCHLORIDE,150 mg,3,ADJUSTMENT_MINUS,SIM-F|DAMAGED|Damaged goods write-off,2026-04-04T09:24:24.929+00:00
P12-6522-06625-01,Nigella Sativa Oil,BIODERM CREAM,20 %,6,ADJUSTMENT_MINUS,SIM-F|DAMAGED|Damaged goods write-off,2026-04-04T09:45:13.681+00:00
J23-3580-00334-03,Amoxicillin Trihydrate,NEOMOX,500 mg,6,ADJUSTMENT_PLUS,SIM-F|RECEIVING_ERROR|Receiving quantity correction,2026-04-04T10:56:54.343+00:00
F91-E115-19587-01,Vonoprazan Fumarate 13.361 mg equivalent to Vonoprazan 10 mg,VONACAB,10 mg/1Tablet,10,ADJUSTMENT_PLUS,SIM-F|RECEIVING_ERROR|Receiving quantity correction,2026-04-04T14:49:05.566+00:00
A54-7072-07110-01,Ceftobiprole,ZEVTERA,500 mg,3,ADJUSTMENT_MINUS,SIM-F|WASTAGE|Wastage / spillage,2026-04-04T20:33:51.384+00:00
J45-2949-00594-01,Baclofen,LIORESAL,10 mg,6,ADJUSTMENT_MINUS,SIM-F|DAMAGED|Damaged goods write-off,2026-04-04T23:40:24.758+00:00
H90-6496-06621-01,Phenol,N'ICE THROAT SPRAY-HONEY LEMON,1.4 %,4,ADJUSTMENT_MINUS,SIM-F|WASTAGE|Wastage / spillage,2026-04-05T08:00:44.638+00:00
J23-3580-00332-01,Amoxicillin Trihydrate,NEOMOX,250 mg,4,ADJUSTMENT_MINUS,SIM-F|WASTAGE|Wastage / spillage,2026-04-05T16:11:34.5+00:00
HL3-C105-14597-02,"Blen,Pine Bark Extract (Pinus Pinaster),Damiana P.E. (Turnera Diffusa),Tribulus Terrestris Extract,American Ginseng (Panax Quinquefolium),Co Enzyme Q10 (Ubidecarenone),Vitamin B6 (Pyridoxine HCL),Vitamin B12 (Cyanocobalamin)",Erecomax Plus Capsule,"L-Arginine HCL,621.67 mg/1 Capsule,1 mg/1 Capsule,2 mcg/1 Capsule",1,ADJUSTMENT_MINUS,SIM-F|WASTAGE|Wastage / spillage,2026-04-05T16:16:56.01+00:00
E50-2232-02616-01,Glycerol (85%),GLYCILAX,0.75 g,14,ADJUSTMENT_MINUS,SIM-F|WASTAGE|Wastage / spillage,2026-04-05T23:55:17.185+00:00
J82-0850-01035-01,Cefixime,CEFIM,100 mg/5ml,5,ADJUSTMENT_MINUS,SIM-F|WASTAGE|Wastage / spillage,2026-04-06T03:20:49.987+00:00
J73-4574-00386-01,Anti-D Immunoglobulin (human),RHESONATIV,200 mcg,2,ADJUSTMENT_MINUS,SIM-F|EXPIRED_WRITEOFF|Expired stock write-off,2026-04-06T07:38:15.024+00:00
D86-3449-03803-01,Miconazole Nitrate,MYCOHEAL,20 mg/g,7,ADJUSTMENT_PLUS,SIM-F|RECEIVING_ERROR|Receiving quantity correction,2026-04-06T09:50:16.516+00:00
EV7-B211-16849-01,"Iron (LIPOFER® (Iron pyrophosphate,maize starch,sunflower lecithin 375mg)",VIDAFERR,30 mg,30,ADJUSTMENT_PLUS,SIM-F|RECEIVING_ERROR|Receiving quantity correction,2026-04-06T10:02:37.282+00:00
J75-5654-05952-01,"Coagulation Factor VIII (Human),von Willebrand Factor (Human)",WILATE,"900 IU,800 IU",4,ADJUSTMENT_MINUS,SIM-F|DAMAGED|Damaged goods write-off,2026-04-06T17:57:47.072+00:00
F91-D550-18141-01,"Sitagliptin Hydrochloride Monohydrate 56.69mg equivalent to Sitagliptin 50mg,Metformin Hydrochloride",EMIJAN M,"50 mg/1Tablet,1000 mg/1Tablet",3,ADJUSTMENT_MINUS,SIM-F|WASTAGE|Wastage / spillage,2026-04-06T19:51:44.734+00:00
E09-0101-00458-01,Ascorbic Acid (Vitamin C),ADDITIVA VITAMIN C RED ORANGE,1 g,10,ADJUSTMENT_PLUS,SIM-F|RECEIVING_ERROR|Receiving quantity correction,2026-04-06T23:20:38.323+00:00
E45-D466-17890-01,Rivaroxaban Ph. Eur.,ODELO,20 mg/1 Tablet,5,ADJUSTMENT_MINUS,SIM-F|EXPIRED_WRITEOFF|Expired stock write-off,2026-04-06T23:23:10.776+00:00
C61-9617-09841-01,Vosoritide,VOXZOGO,0.56 mg,10,ADJUSTMENT_PLUS,SIM-F|RECEIVING_ERROR|Receiving quantity correction,2026-04-07T05:37:21.293+00:00
B32-2517-00562-01,Azathioprine,IMURAN,25 mg,1,ADJUSTMENT_MINUS,SIM-F|DAMAGED|Damaged goods write-off,2026-04-07T11:16:13.969+00:00
E04-2481-02913-01,Ibuprofen,IBUTOP,50 mg/g,4,ADJUSTMENT_MINUS,SIM-F|EXPIRED_WRITEOFF|Expired stock write-off,2026-04-07T14:05:41.331+00:00
A68-1521-00318-01,Ammonium Chloride& Carbinoxamine Maleate& Ephedrine Hydrochloride& Menthol,DULSANA,Combination,1,ADJUSTMENT_MINUS,SIM-F|DAMAGED|Damaged goods write-off,2026-04-07T17:21:39.015+00:00
F72-3993-04361-01,"Caffeine,Paracetamol (Acetaminophen),Phenylephrine Hydrochloride",PANADOL,"25 mg,500 mg,5 mg",2,ADJUSTMENT_MINUS,SIM-F|WASTAGE|Wastage / spillage,2026-04-08T02:26:01.072+00:00
EV6-C796-16227-01,"Boric Acid,Sodium Hyaluronate,Lactic acid",Caregyn Ovules,"300 mg/ovule,10 mg/ovule,0 q.s. PH/Ovule",15,ADJUSTMENT_MINUS,SIM-F|WASTAGE|Wastage / spillage,2026-04-08T04:41:02.007+00:00
H21-0113-04332-01,"Caffeine Anhydrous,Paracetamol (Acetaminophen)",ADOL EXTRA,"65 mg,500 mg",26,ADJUSTMENT_PLUS,SIM-F|RECEIVING_ERROR|Receiving quantity correction,2026-04-08T16:36:07.571+00:00
J77-7181-00774-01,Bromocriptine Mesilate (Mesylate),BROMOCRIPTINE,2.5 mg,4,ADJUSTMENT_MINUS,SIM-F|DAMAGED|Damaged goods write-off,2026-04-08T19:19:11.652+00:00
E11-5398-05682-01,Ursodeoxycholic Acid,URSOFALK,250 mg,11,ADJUSTMENT_MINUS,SIM-F|EXPIRED_WRITEOFF|Expired stock write-off,2026-04-09T01:30:17.481+00:00
F38-2125-01455-01,Combination - GELTEC POWER PLUS,GELTEC POWER PLUS,Combination,4,ADJUSTMENT_MINUS,SIM-F|EXPIRED_WRITEOFF|Expired stock write-off,2026-04-09T03:25:56.974+00:00
H21-2693-00493-01,Aspirin,JUSPRIN,300 mg,6,ADJUSTMENT_PLUS,SIM-F|RECEIVING_ERROR|Receiving quantity correction,2026-04-09T05:52:13.578+00:00
BV9-9956-11081-01,Ondansetron hydrochloride dihydrate,Zemitron,4 mg/2ml,9,ADJUSTMENT_PLUS,SIM-F|RECEIVING_ERROR|Receiving quantity correction,2026-04-09T16:53:50.804+00:00
J39-3697-00265-01,"Amethocaine Hydrochloride,Chlorhexidine Acetate,Ephedrine Hydrochloride",NORGOTIN,"10 mg/ml,0.1 mg/ml,10 mg/ml",9,ADJUSTMENT_MINUS,SIM-F|DAMAGED|Damaged goods write-off,2026-04-09T20:00:37.072+00:00
F32-2887-03440-01,"Epinephrine,Lidocaine,Sodium Metabisulfite,Tetracaine",LET,"180 mg,4 g,500 mg,75 mg",27,ADJUSTMENT_PLUS,SIM-F|RECEIVING_ERROR|Receiving quantity correction,2026-04-09T22:09:35.001+00:00
FJ1-A582-11303-01,"Cyanocobalamin ( Vitamin B12),Folic Acid,Iodine (Potassium Iodide)",YODOCEFOL,"2 mcg,400 mcg,200 mcg",19,ADJUSTMENT_PLUS,SIM-F|RECEIVING_ERROR|Receiving quantity correction,2026-04-10T00:36:35.533+00:00
EA1-E285-20047-01,Fentanyl Citrate,XALTRIX,600 mcg,7,ADJUSTMENT_MINUS,SIM-F|DAMAGED|Damaged goods write-off,2026-04-10T01:32:18.904+00:00
I20-8018-01184-01,Chlorpheniramine Maleate,ALLERGY TABLETS,4 mg,2,ADJUSTMENT_MINUS,SIM-F|WASTAGE|Wastage / spillage,2026-04-10T05:44:00.283+00:00
J91-2171-00780-01,Budesonide,GIONA EASYHALER,100 mcg,14,ADJUSTMENT_MINUS,SIM-F|DAMAGED|Damaged goods write-off,2026-04-10T06:30:01.781+00:00
E50-B636-13360-01,Ivy leaves dry extract ethanolic 30% (m/m) ((5-7.5,PROSPAN COUGH MENTHOL,) : 7,6,ADJUSTMENT_MINUS,SIM-F|DAMAGED|Damaged goods write-off,2026-04-10T07:22:44.586+00:00
G33-5981-05083-02,Sildenafil Citrate,TOURNES,25 mg,14,ADJUSTMENT_PLUS,SIM-F|RECEIVING_ERROR|Receiving quantity correction,2026-04-10T14:49:08.537+00:00
FB2-A529-11205-02,Cannabidiol,CBD Muscle & Joint,1000 mg,9,ADJUSTMENT_MINUS,SIM-F|EXPIRED_WRITEOFF|Expired stock write-off,2026-04-10T17:41:56.224+00:00
E13-0398-06087-01,Sodium Hyaluronate,ARTELAC,0.24 %,8,ADJUSTMENT_MINUS,SIM-F|DAMAGED|Damaged goods write-off,2026-04-10T21:34:09.614+00:00
E13-7116-18198-01,"Carbomer (Carbomer 980),Sodium Hyaluronate,Triglycerides (medium chain)",Artelac Complete MDO,"0.625 mg/g,2.4 mg/g,2 mg/g",8,ADJUSTMENT_MINUS,SIM-F|DAMAGED|Damaged goods write-off,2026-04-11T00:11:16.507+00:00
E29-3965-04209-01,Oxaliplatin,OXALIPLATIN,50 mg,1,ADJUSTMENT_MINUS,SIM-F|DAMAGED|Damaged goods write-off,2026-04-11T00:15:33.338+00:00
F03-4128-04498-01,Phenytoin,PHENYTOIN,50 mg,7,ADJUSTMENT_MINUS,SIM-F|DAMAGED|Damaged goods write-off,2026-04-11T10:26:09.611+00:00
R99-4249-04687-01,Prednisolone,PREDNISOLONE,5 mg,9,ADJUSTMENT_MINUS,SIM-F|WASTAGE|Wastage / spillage,2026-04-11T13:50:03.145+00:00
J23-4110-02342-02,Fish Oil (EPA (Eicosapentaenoic Acid)& DHA (Docosahexaenoic Acid),PHARMALINE OMEGA 3,1000 mg,2,ADJUSTMENT_MINUS,SIM-F|DAMAGED|Damaged goods write-off,2026-04-11T15:05:13.633+00:00
J82-6675-04295-01,Pantoprazole Sodium,PANTOZYN,20 mg,1,ADJUSTMENT_MINUS,SIM-F|EXPIRED_WRITEOFF|Expired stock write-off,2026-04-11T16:47:44.958+00:00
J23-3571-18296-01,"Sodium citrate BP,Potassium chloride BP,Anhydrous glucose BP,Sodium chloride BP",NEOLYTE,"2.9 g/ 30g,1.5 g/ 30g,20 g/ 30g,3.5 g/ 30g",22,ADJUSTMENT_PLUS,SIM-F|RECEIVING_ERROR|Receiving quantity correction,2026-04-11T21:15:36.704+00:00
J23-3580-00332-02,Amoxicillin Trihydrate,NEOMOX,250 mg,6,ADJUSTMENT_MINUS,SIM-F|EXPIRED_WRITEOFF|Expired stock write-off,2026-04-12T01:09:16.284+00:00
AC6-B041-12566-01,"HyaPoly Sodium Hyaluronate,Aloe vera glycolic extract",Aftifix Oral Gel,"0.2 g/100g,2 g/100g",24,ADJUSTMENT_PLUS,SIM-F|RECEIVING_ERROR|Receiving quantity correction,2026-04-12T03:20:12.785+00:00
EB8-C889-03742-01,Methylprednisolone,Methylprednisolon,4 mg,14,ADJUSTMENT_MINUS,SIM-F|DAMAGED|Damaged goods write-off,2026-04-12T04:24:31.639+00:00
J82-0850-01037-01,Cefixime,CEFIM,400 mg,1,ADJUSTMENT_MINUS,SIM-F|WASTAGE|Wastage / spillage,2026-04-12T18:36:19.145+00:00
E09-0093-00863-02,Calcium Carbonate Lactate& Gluconate,ADDITIVA CALCIUM,500 mg,8,ADJUSTMENT_PLUS,SIM-F|RECEIVING_ERROR|Receiving quantity correction,2026-04-12T22:32:28.874+00:00
F98-A720-17664-01,"Liposomal Iron,Folic Acid",OXYFer forte,"30 mg,400 mcg",3,ADJUSTMENT_MINUS,SIM-F|EXPIRED_WRITEOFF|Expired stock write-off,2026-04-13T00:31:40.468+00:00
B55-0470-04179-01,Ondansetron Hydrochloride,AURODANZ,8 mg,7,ADJUSTMENT_MINUS,SIM-F|DAMAGED|Damaged goods write-off,2026-04-13T00:58:59.445+00:00
F91-D775-18716-01,Ondansetron USP,NAUVEXIA ODX,8 mg/1 Film,4,ADJUSTMENT_MINUS,SIM-F|DAMAGED|Damaged goods write-off,2026-04-13T01:01:53.753+00:00
P45-7858-07705-01,Estradiol,EstradermMX 25,0.75 mg,2,ADJUSTMENT_MINUS,SIM-F|DAMAGED|Damaged goods write-off,2026-04-13T05:27:43.214+00:00
E08-1742-02205-01,Ethinylestradiol,ETHINYL ESTRADIOL,10 mcg,1,ADJUSTMENT_MINUS,SIM-F|DAMAGED|Damaged goods write-off,2026-04-13T07:37:22.99+00:00
M22-2530-00559-01,Azatadine Maleate,INDULAMINE,1 mg,7,ADJUSTMENT_MINUS,SIM-F|DAMAGED|Damaged goods write-off,2026-04-13T10:16:50.205+00:00
A94-0368-01588-03,Darbepoetin alfa (ARANESP),ARANESP,500 mcg/ml,13,ADJUSTMENT_PLUS,SIM-F|RECEIVING_ERROR|Receiving quantity correction,2026-04-13T11:13:30.27+00:00
J39-3702-05315-01,"Frangula,Sterculia",NORMACOL PLUS,"80 mg/g,620 mg/g",6,ADJUSTMENT_MINUS,SIM-F|DAMAGED|Damaged goods write-off,2026-04-13T12:44:52.112+00:00
E50-C254-14737-01,Carbomer,ISLA MEDIC HYDRO CHERRY,60 mg/1 Lozenge,19,ADJUSTMENT_PLUS,SIM-F|RECEIVING_ERROR|Receiving quantity correction,2026-04-14T03:57:59.865+00:00
F26-0567-00640-04,Benzoyl peroxide,BENZAC AC,2.5 %,25,ADJUSTMENT_PLUS,SIM-F|SYSTEM_CORRECTION|System quantity correction,2026-04-14T05:46:41.497+00:00
FO5-C381-15124-01,"D-Mannose,Exocyan dry cranberry extract (Vaccinium macrocarpon) Standardized at proanthocyanidins",URIFAST,"1.5 g/Sachet,0.072 g/Sachet",11,ADJUSTMENT_MINUS,SIM-F|EXPIRED_WRITEOFF|Expired stock write-off,2026-04-14T07:53:33.512+00:00
E08-1742-02205-01,Ethinylestradiol,ETHINYL ESTRADIOL,10 mcg,12,ADJUSTMENT_PLUS,SIM-F|SYSTEM_CORRECTION|System quantity correction,2026-04-14T11:11:54.991+00:00
F26-4923-03210-02,Ivermectin,SOOLANTRA,10 mg/g,12,ADJUSTMENT_MINUS,SIM-F|DAMAGED|Damaged goods write-off,2026-04-14T12:51:18.545+00:00
J23-3586-02902-01,Ibuprofen,NEOPROFEN,100 mg/5ml,21,ADJUSTMENT_PLUS,SIM-F|RECEIVING_ERROR|Receiving quantity correction,2026-04-14T14:22:35.075+00:00
E12-3499-20179-01,Sodium Thiosulfate,NATRIUMTHIOSULFAT,250 mg/ml,8,ADJUSTMENT_MINUS,SIM-F|WASTAGE|Wastage / spillage,2026-04-14T15:23:31.953+00:00
J82-A099-04146-01,Olopatadine Hydrochloride,ZYNOPAT,1 mg/ml,30,ADJUSTMENT_PLUS,SIM-F|RECEIVING_ERROR|Receiving quantity correction,2026-04-14T16:52:53.647+00:00
J82-9095-02328-01,Fexofenadine Hydrochloride,ZYHIST,180 mg,24,ADJUSTMENT_PLUS,SIM-F|RECEIVING_ERROR|Receiving quantity correction,2026-04-14T19:42:22.53+00:00
H50-6041-06236-02,"Neomycin Sulfate,Nystatin,Polymixin B Sulfate",POLYGYNAX,"35000 IU,100000 IU,35000 IU",7,ADJUSTMENT_MINUS,SIM-F|WASTAGE|Wastage / spillage,2026-04-15T04:06:48.133+00:00
C22-4553-01171-01,Chloroquine,RESOCHIN,250 mg,2,ADJUSTMENT_MINUS,SIM-F|WASTAGE|Wastage / spillage,2026-04-15T06:34:41.42+00:00
F69-5059-05741-01,Vaccine-Pneumococcal polysaccharide from each of 10 capsular types of Streptococcus pneumoniae (conjugated to carrier proteins of Diphtheria toxoid- H. influenzae & Tetanus toxoid) adsorbed,SYNFLORIX VACCINE,1 mgor3mgofeach/0.5ml,12,ADJUSTMENT_MINUS,SIM-F|EXPIRED_WRITEOFF|Expired stock write-off,2026-04-15T07:01:33.915+00:00
B39-4610-00620-01,Bendamustine Hydrochloride,RIBOMUSTIN,25 mg,10,ADJUSTMENT_MINUS,SIM-F|WASTAGE|Wastage / spillage,2026-04-15T07:36:10.033+00:00
J90-5044-00483-01,Asenapine Maleate,SYCREST,10 mg,15,ADJUSTMENT_PLUS,SIM-F|RECEIVING_ERROR|Receiving quantity correction,2026-04-15T10:12:24.155+00:00
G47-1453-01921-02,Docetaxel,DOCETAXEL HOSPIRA,10 mg/ml,4,ADJUSTMENT_MINUS,SIM-F|WASTAGE|Wastage / spillage,2026-04-15T17:14:32.162+00:00
C19-3696-03372-01,Levonorgestrel,NORGESTON,30 mcg,7,ADJUSTMENT_MINUS,SIM-F|DAMAGED|Damaged goods write-off,2026-04-15T20:03:20.443+00:00
E17-1631-05202-01,Sodium Fluoride,EMOFLUOR,250 PPM,5,ADJUSTMENT_PLUS,SIM-F|RECEIVING_ERROR|Receiving quantity correction,2026-04-16T00:53:27.597+00:00
EY2-D519-00313-01,"Amlodipine Besilate,Hydrochlorothiazide,Valsartan",Valdipine H,"5 mg,12.5 mg,160 mg",14,ADJUSTMENT_MINUS,SIM-F|DAMAGED|Damaged goods write-off,2026-04-16T01:16:18.941+00:00
F91-6223-04971-01,Rosuvastatin Calcium,KOLROS,20 mg,30,ADJUSTMENT_PLUS,SIM-F|RECEIVING_ERROR|Receiving quantity correction,2026-04-16T06:17:48.388+00:00
J23-3573-03685-01,Metformin Hydrochloride,NEOMET,1000 mg,9,ADJUSTMENT_MINUS,SIM-F|DAMAGED|Damaged goods write-off,2026-04-16T06:22:33.067+00:00
F69-6023-06225-01,Vaccine- MMR plus Varicella,PRIORIX TETRA,Combination,22,ADJUSTMENT_PLUS,SIM-F|RECEIVING_ERROR|Receiving quantity correction,2026-04-16T14:14:03.868+00:00
H21-1972-04363-02,"Paracetamol (Acetaminophen),Phenylephrine Hydrochloride,Promethazine Hydrochloride,Salicylamide",FLUKIT,"200 mg,5 mg,5 mg,250 mg",12,ADJUSTMENT_PLUS,SIM-F|SYSTEM_CORRECTION|System quantity correction,2026-04-16T17:47:52.424+00:00
E04-2481-02913-01,Ibuprofen,IBUTOP,50 mg/g,11,ADJUSTMENT_MINUS,SIM-F|EXPIRED_WRITEOFF|Expired stock write-off,2026-04-16T17:57:33.354+00:00
DQ3-A142-01786-02,Diclofenac Sodium,DICLOFENAC,25 mg/ml,11,ADJUSTMENT_MINUS,SIM-F|WASTAGE|Wastage / spillage,2026-04-17T00:20:33.459+00:00
E08-3921-03189-01,Isotretinoin,ORATANE,40 mg,4,ADJUSTMENT_MINUS,SIM-F|WASTAGE|Wastage / spillage,2026-04-17T04:50:56.585+00:00
H07-5781-03477-01,Lisinopril Dihydrate,ZINOPRIL,10 mg,5,ADJUSTMENT_MINUS,SIM-F|WASTAGE|Wastage / spillage,2026-04-17T11:16:48.948+00:00
J23-3598-01095-01,Cefuroxime Axetil,NEOXIME,250 mg,13,ADJUSTMENT_MINUS,SIM-F|DAMAGED|Damaged goods write-off,2026-04-17T11:43:50.149+00:00
OI0-C493-08321-01,"Rosuvastatin Calcium,Ezetimibe",ZYROVAZET ,"10 mg,10 mg",4,ADJUSTMENT_MINUS,SIM-F|WASTAGE|Wastage / spillage,2026-04-17T18:21:17.093+00:00
J30-6917-00301-01,"Amlodipine Besilate,Olmesartan Medoxomil",OLMICARD A 20/10,"10 mg,20 mg",12,ADJUSTMENT_MINUS,SIM-F|WASTAGE|Wastage / spillage,2026-04-17T18:57:43.023+00:00
J91-1813-05569-02,Toremifene Citrate,FARESTON,60 mg,11,ADJUSTMENT_MINUS,SIM-F|WASTAGE|Wastage / spillage,2026-04-17T21:02:18.283+00:00
J82-0237-00290-01,Amlodipine Besilate,AMLO,10 mg,4,ADJUSTMENT_MINUS,SIM-F|WASTAGE|Wastage / spillage,2026-04-17T21:53:56.653+00:00
E93-4075-07099-01,Mesalazine,PENTASA,4 g,14,ADJUSTMENT_MINUS,SIM-F|DAMAGED|Damaged goods write-off,2026-04-18T13:08:19.094+00:00
L70-0860-01054-01,Cefprozil,CEFPROZIL,250 mg,22,ADJUSTMENT_PLUS,SIM-F|SYSTEM_CORRECTION|System quantity correction,2026-04-18T13:56:39.089+00:00
Q20-A345-04698-02,Pregnancy Multivitamin,Biomin,Combination,4,ADJUSTMENT_MINUS,SIM-F|WASTAGE|Wastage / spillage,2026-04-18T20:48:38.502+00:00
HB8-B599-13331-01,"NADH (Nicotinamide adenine dinucleotide H),Coenzyme Q10,L-Serine,Vitamin C",ReConnect Tablets,"5 mg/1 Tablet,50 mg/1Tablet,20 mg/1 Tablet,40 mg/1 Tablet",5,ADJUSTMENT_PLUS,SIM-F|RECEIVING_ERROR|Receiving quantity correction,2026-04-18T22:57:36.571+00:00
F98-D429-17903-01,"Iron (as iron Pyrophosphate),Folic Acid,Pyridoxine Hydrochloride (Vitamin B6),Vitamin B2 (Riboflavin),Niacin ( Vitamin B3)",OXYFer Forte Syrup,"10 mg/5ml,200 mcg/5ml,1.4 mg/5ml,1.4 mg/5ml,16 mg/5ml",5,ADJUSTMENT_MINUS,SIM-F|DAMAGED|Damaged goods write-off,2026-04-18T23:21:20.242+00:00
A54-4064-00334-02,Amoxicillin Trihydrate,PENAMOX,500 mg,17,ADJUSTMENT_PLUS,SIM-F|RECEIVING_ERROR|Receiving quantity correction,2026-04-19T09:19:59.492+00:00
FT1-A705-11476-01,Linezolid,LIZOFORCE,100 mg/5ml,4,ADJUSTMENT_MINUS,SIM-F|DAMAGED|Damaged goods write-off,2026-04-19T16:47:23.086+00:00
J23-3596-03613-02,Meloxicam,NEOXICAM,15 mg,21,ADJUSTMENT_PLUS,SIM-F|RECEIVING_ERROR|Receiving quantity correction,2026-04-19T19:02:27.883+00:00
Q77-C146-00519-02,Atomoxetine Hydrochloride,Atomoxetine,60 mg,4,ADJUSTMENT_MINUS,SIM-F|WASTAGE|Wastage / spillage,2026-04-19T22:21:33.927+00:00
EB3-1400-10825-02,Diltiazem Hydrochloride,DILTIAZEM HYDROCHLORIDE,5 mg/ml,13,ADJUSTMENT_MINUS,SIM-F|DAMAGED|Damaged goods write-off,2026-04-20T00:14:41.007+00:00
F69-1957-05730-01,Vaccine-Influenza Virus Antigen,FLUARIX TETRA,15 mcg/0.5ml,4,ADJUSTMENT_MINUS,SIM-F|DAMAGED|Damaged goods write-off,2026-04-20T02:29:17.89+00:00
N37-5763-00575-01,Azithromycin (Dihydrate),ZETRON,200 mg/5ml,3,ADJUSTMENT_MINUS,SIM-F|DAMAGED|Damaged goods write-off,2026-04-20T08:35:35.414+00:00
CF3-9681-10114-01,White Petrolatum,WHITE PETROLATUM,100 %,5,ADJUSTMENT_MINUS,SIM-F|DAMAGED|Damaged goods write-off,2026-04-20T09:07:51.037+00:00
S78-3985-04259-02,Paclitaxel,PACLITAXEL,6 mg/ml,2,ADJUSTMENT_MINUS,SIM-F|DAMAGED|Damaged goods write-off,2026-04-20T12:05:17.587+00:00
FT0-C010-02829-01,Hydrocortisone 17- butyrate,Locoid Lipocream,1 mg/g,14,ADJUSTMENT_PLUS,SIM-F|RECEIVING_ERROR|Receiving quantity correction,2026-04-20T18:28:10.131+00:00
E09-0101-00458-01,Ascorbic Acid (Vitamin C),ADDITIVA VITAMIN C RED ORANGE,1 g,2,ADJUSTMENT_MINUS,SIM-F|DAMAGED|Damaged goods write-off,2026-04-20T21:02:09.104+00:00
T62-4709-05555-01,Tolvaptan,SAMSCA,15 mg,2,ADJUSTMENT_MINUS,SIM-F|WASTAGE|Wastage / spillage,2026-04-20T22:28:53.302+00:00
J30-6545-03501-01,Loratadine,LORTAX,5 mg/5ml,4,ADJUSTMENT_MINUS,SIM-F|DAMAGED|Damaged goods write-off,2026-04-21T02:32:32.666+00:00
F07-1571-02003-01,Econazole Nitrate,ECONAZOLE,10 mg/g,5,ADJUSTMENT_PLUS,SIM-F|RECEIVING_ERROR|Receiving quantity correction,2026-04-21T03:08:47.987+00:00
J30-6307-06473-03,"Sodium chloride,Potassium Chloride,Glucose (anhydrous),Sodium Citrate",ORIX,"3.5 g/ 30g,1.5 g/ 30g,20 g/ 30g,2.9 g/ 30g",27,ADJUSTMENT_PLUS,SIM-F|RECEIVING_ERROR|Receiving quantity correction,2026-04-21T05:04:13.61+00:00
EY2-C567-05396-01,Telmisartan,Telmisan-40,40 mg,10,ADJUSTMENT_MINUS,SIM-F|EXPIRED_WRITEOFF|Expired stock write-off,2026-04-21T07:41:08.776+00:00
G98-3394-01941-01,Domperidone,MOTILIUM,60 mg,29,ADJUSTMENT_PLUS,SIM-F|SYSTEM_CORRECTION|System quantity correction,2026-04-21T07:58:30.306+00:00
F91-2198-01403-02,Co-amoxiclav,GLOCLAV,375 mg,8,ADJUSTMENT_MINUS,SIM-F|WASTAGE|Wastage / spillage,2026-04-21T11:32:37.453+00:00
E15-1442-01911-01,Divalproex Sodium (Valproate Semisodium),DIVALPROEX SODIUM,125 mg,4,ADJUSTMENT_MINUS,SIM-F|EXPIRED_WRITEOFF|Expired stock write-off,2026-04-21T13:23:38.13+00:00
E09-0094-03138-01,"Ascorbic Acid (Vitamin C),Cyanocobalamin (Vitamin B12),Folic Acid,Iron Gluconate",ADDITIVA IRON,"125 mg,6 mcg,200 mcg,165.2 mg",10,ADJUSTMENT_PLUS,SIM-F|RECEIVING_ERROR|Receiving quantity correction,2026-04-22T03:07:56.373+00:00
DQ0-6232-06404-02,"Norelgestromin,Ethinylestradiol",EVRA,"6 mg,600 mcg",2,ADJUSTMENT_MINUS,SIM-F|DAMAGED|Damaged goods write-off,2026-04-22T12:35:45.1+00:00
FS9-7759-07624-02,"Rifampicin,Isoniazid",RIFINAH,"300 mg,150 mg",28,ADJUSTMENT_PLUS,SIM-F|RECEIVING_ERROR|Receiving quantity correction,2026-04-22T15:36:22.878+00:00
FO5-A484-11398-01,"Red Rice Yeast,Konjac Glucomannan Extract",Cardioll,"0.5 g/1 sachet,2 g/1 sachet",24,ADJUSTMENT_PLUS,SIM-F|RECEIVING_ERROR|Receiving quantity correction,2026-04-22T17:11:33.487+00:00
V07-E445-20618-01,Polymerized allergen extracts [6-Grass Mix 50% + Betula verrucosa 50%],CLUSTEK,10000 TU/1ml,18,ADJUSTMENT_PLUS,SIM-F|RECEIVING_ERROR|Receiving quantity correction,2026-04-22T18:24:56.482+00:00
J91-1813-05569-02,Toremifene Citrate,FARESTON,60 mg,8,ADJUSTMENT_MINUS,SIM-F|EXPIRED_WRITEOFF|Expired stock write-off,2026-04-23T01:10:04.05+00:00
P25-5828-01121-01,Cetirizine Hydrochloride,ZYRTEC,1 mg/ml,9,ADJUSTMENT_MINUS,SIM-F|DAMAGED|Damaged goods write-off,2026-04-23T04:43:54.074+00:00
J33-2748-03939-01,Multivitamin& Minerals (PEDIATRIC),KIDITON,Combination,13,ADJUSTMENT_MINUS,SIM-F|WASTAGE|Wastage / spillage,2026-04-23T21:35:18.166+00:00
D46-3362-03845-01,Modafinil,MODAFINIL,100 mg,15,ADJUSTMENT_PLUS,SIM-F|RECEIVING_ERROR|Receiving quantity correction,2026-04-24T01:06:00.286+00:00
F68-1941-02414-01,Fluticasone Propionate,FLIXOTIDE,0.5 mg/2ml,10,ADJUSTMENT_MINUS,SIM-F|WASTAGE|Wastage / spillage,2026-04-24T01:18:09.539+00:00
E95-3198-03627-01,"Menotrophin (Menotropin) HMG (FSH),Menotrophin (Menotropin) HMG (LH)",MENOPUR,"1200 IU,1200 IU",2,ADJUSTMENT_MINUS,SIM-F|DAMAGED|Damaged goods write-off,2026-04-24T07:04:45.815+00:00
L69-7341-07316-01,Epoetin alfa (BINOCRIT),BINOCRIT,4000 IU,5,ADJUSTMENT_MINUS,SIM-F|WASTAGE|Wastage / spillage,2026-04-24T10:10:52.401+00:00
M22-2530-00559-01,Azatadine Maleate,INDULAMINE,1 mg,2,ADJUSTMENT_MINUS,SIM-F|DAMAGED|Damaged goods write-off,2026-04-24T17:36:07.563+00:00
B14-5040-05357-01,Suxamethonium Chloride,SUXAMETHONIUM CHLORIDE,100 mg,6,ADJUSTMENT_MINUS,SIM-F|WASTAGE|Wastage / spillage,2026-04-25T01:25:20.436+00:00
R07-6646-06751-01,Silicon Dioxide,CARBOWHITE,210 mg,8,ADJUSTMENT_PLUS,SIM-F|RECEIVING_ERROR|Receiving quantity correction,2026-04-25T03:33:59.205+00:00
EC5-B005-00169-01,Alendronate Sodium,Alenqore,70 mg,24,ADJUSTMENT_PLUS,SIM-F|RECEIVING_ERROR|Receiving quantity correction,2026-04-25T13:29:18.073+00:00
J45-1780-00307-01,"Amlodipine Besilate,Valsartan",EXFORGE,"10 mg,160 mg",10,ADJUSTMENT_MINUS,SIM-F|DAMAGED|Damaged goods write-off,2026-04-25T13:32:54.951+00:00
W77-A817-11595-02,"Calcium Carbonate,Vitamin D3 (Cholecalciferol),Magnesium Oxide,Copper Gluconate,Zinc Citrate,Vitamin K2",Bonical,"500 mg,40 mg,335 mg,1.43 mg,25.32 mg,10 mcg",1,ADJUSTMENT_MINUS,SIM-F|DAMAGED|Damaged goods write-off,2026-04-25T14:29:29.606+00:00
J23-3577-04360-01,"Ascorbic Acid (Vitamin C),Paracetamol (Acetaminophen),Phenylephrine Hydrochloride",NEOMOL COLD & FLU,"40 mg,600 mg,10 mg",7,ADJUSTMENT_PLUS,SIM-F|RECEIVING_ERROR|Receiving quantity correction,2026-04-26T08:35:28.988+00:00
E15-1442-01911-01,Divalproex Sodium (Valproate Semisodium),DIVALPROEX SODIUM,125 mg,7,ADJUSTMENT_MINUS,SIM-F|EXPIRED_WRITEOFF|Expired stock write-off,2026-04-26T09:20:46.139+00:00
FT0-5671-00944-01,Capecitabine,XELODA,500 mg,3,ADJUSTMENT_MINUS,SIM-F|WASTAGE|Wastage / spillage,2026-04-26T18:47:37.595+00:00
F91-D814-19586-01,Melatonin,SOMNIVA ODX,5 mg/1 Film,9,ADJUSTMENT_PLUS,SIM-F|RECEIVING_ERROR|Receiving quantity correction,2026-04-26T20:29:32.507+00:00
EY2-C605-18095-01,Vardenafil Hydrochloride Trihydrate 11.853 mg  equivalent to Vardenafil 10 mg,VARDEN,10 mg,4,ADJUSTMENT_MINUS,SIM-F|DAMAGED|Damaged goods write-off,2026-04-27T21:26:45.084+00:00
F91-D775-18715-01,Ondansetron USP,NAUVEXIA ODX,4 mg/1 Film,6,ADJUSTMENT_PLUS,SIM-F|SYSTEM_CORRECTION|System quantity correction,2026-04-28T00:03:00.79+00:00
EA1-E285-20046-01,Fentanyl Citrate,XALTRIX,600 mcg,5,ADJUSTMENT_MINUS,SIM-F|DAMAGED|Damaged goods write-off,2026-04-28T00:39:16.578+00:00
F94-0042-00088-01,Acetazolamide,ACETAZOLAMIDE,500 mg,6,ADJUSTMENT_MINUS,SIM-F|EXPIRED_WRITEOFF|Expired stock write-off,2026-04-28T01:15:06.975+00:00
FO5-A484-11398-01,"Red Rice Yeast,Konjac Glucomannan Extract",Cardioll,"0.5 g/1 sachet,2 g/1 sachet",6,ADJUSTMENT_MINUS,SIM-F|DAMAGED|Damaged goods write-off,2026-04-28T12:43:50.021+00:00
F68-3996-04334-01,"Chlorpheniramine Maleate,Paracetamol (Acetaminophen),Phenylephrine Hydrochloride",PANADOL COLD & FLU NIGHT RELIEF PE,"2 mg,500 mg,5 mg",18,ADJUSTMENT_PLUS,SIM-F|RECEIVING_ERROR|Receiving quantity correction,2026-04-28T13:04:56.816+00:00
E93-4075-03668-01,Mesalazine,PENTASA,1 g,11,ADJUSTMENT_MINUS,SIM-F|DAMAGED|Damaged goods write-off,2026-04-28T15:38:35.424+00:00
DQ1-A139-02340-01,Fingolimod Hydrochloride,Finolim,0.5 mg,6,ADJUSTMENT_MINUS,SIM-F|DAMAGED|Damaged goods write-off,2026-04-28T22:18:05.048+00:00
EC5-E485-19222-01,"Vildagliptin,Metformin Hydrochloride",VILDAGARD,"50 mg/tablet,1000 mg/1Tablet",5,ADJUSTMENT_MINUS,SIM-F|DAMAGED|Damaged goods write-off,2026-04-29T06:03:43.207+00:00
F25-6937-07026-01,"Eucalyptus Oil,Cajuput Oil,Levomenthol,Peppermint oil",OLBAS INHALER,"20 g/100g,20 g/100g,40 g/100g,20 g/100g",29,ADJUSTMENT_PLUS,SIM-F|RECEIVING_ERROR|Receiving quantity correction,2026-04-29T08:07:38.977+00:00
EC5-E416-20387-01,Lidocaine,ZYNATIS,344 Mg/Patch,14,ADJUSTMENT_MINUS,SIM-F|DAMAGED|Damaged goods write-off,2026-04-29T10:52:33.69+00:00
E04-2481-02913-01,Ibuprofen,IBUTOP,50 mg/g,15,ADJUSTMENT_MINUS,SIM-F|EXPIRED_WRITEOFF|Expired stock write-off,2026-04-29T11:27:31.586+00:00
J82-6675-04295-01,Pantoprazole Sodium,PANTOZYN,20 mg,4,ADJUSTMENT_MINUS,SIM-F|EXPIRED_WRITEOFF|Expired stock write-off,2026-04-29T13:40:31.802+00:00
EA1-E285-20051-01,Fentanyl Citrate,XALTRIX,1200 mcg,5,ADJUSTMENT_MINUS,SIM-F|EXPIRED_WRITEOFF|Expired stock write-off,2026-04-29T15:14:28.349+00:00
A23-1450-01918-01,Dobutamine Hydrochloride,DOBUTAMINE USP,12.5 mg/ml,8,ADJUSTMENT_MINUS,SIM-F|DAMAGED|Damaged goods write-off,2026-04-29T16:35:10.165+00:00
R46-7523-02166-01,Esomeprazole Sodium,ESOLAB,40 mg,5,ADJUSTMENT_MINUS,SIM-F|DAMAGED|Damaged goods write-off,2026-04-29T17:10:55.499+00:00
J94-1099-02046-01,Entacapone,COMTESS,200 mg,28,ADJUSTMENT_PLUS,SIM-F|RECEIVING_ERROR|Receiving quantity correction,2026-04-30T02:41:03.874+00:00
J88-1515-05674-01,Urea& Vitamin E,DU'IT FOOT & HEEL,Combination,3,ADJUSTMENT_MINUS,SIM-F|DAMAGED|Damaged goods write-off,2026-04-30T03:21:53.513+00:00
F25-6937-07026-01,"Eucalyptus Oil,Cajuput Oil,Levomenthol,Peppermint oil",OLBAS INHALER,"20 g/100g,20 g/100g,40 g/100g,20 g/100g",3,ADJUSTMENT_MINUS,SIM-F|DAMAGED|Damaged goods write-off,2026-04-30T05:26:41.753+00:00
FT0-C009-02829-01,Hydrocortisone 17- butyrate,Locoid Cream,1 mg/g,5,ADJUSTMENT_MINUS,SIM-F|EXPIRED_WRITEOFF|Expired stock write-off,2026-04-30T13:29:36.961+00:00
J23-3598-01095-02,Cefuroxime Axetil,NEOXIME,250 mg,27,ADJUSTMENT_PLUS,SIM-F|RECEIVING_ERROR|Receiving quantity correction,2026-04-30T21:26:59.069+00:00
O01-3679-04542-01,Piracetam,NOOTROPIL,400 mg,12,ADJUSTMENT_MINUS,SIM-F|DAMAGED|Damaged goods write-off,2026-04-30T23:23:13.751+00:00
J23-3583-04162-01,Omeprazole,NEOPRAZOLE,20 mg,9,ADJUSTMENT_MINUS,SIM-F|DAMAGED|Damaged goods write-off,2026-05-01T06:30:18.684+00:00
EI4-A361-06725-01,"Sodium chloride,Sodium Gluconate,Sodium Acetate,Potassium Chloride,Magnesium Chloride",PLASMA-LYTE 148 PH 7.4 VIAFLO,"526 mg/100ml,502 mg/100ml,368 mg/100ml,37 mg/100ml,30 mg/100ml",29,ADJUSTMENT_PLUS,SIM-F|SYSTEM_CORRECTION|System quantity correction,2026-05-01T07:24:16.236+00:00
J74-E086-19619-01,Human Albumin (Plasma proteins with at least 96% human albumin),Albunorm,200 g/1000ml,1,ADJUSTMENT_MINUS,SIM-F|WASTAGE|Wastage / spillage,2026-05-01T11:54:39.377+00:00
J23-3561-01788-01,Diclofenac Sodium,NEOFLAM,50 mg,13,ADJUSTMENT_MINUS,SIM-F|DAMAGED|Damaged goods write-off,2026-05-01T21:23:13.291+00:00
FT0-4637-03186-01,Isotretinoin,ROACCUTANE,10 mg,9,ADJUSTMENT_MINUS,SIM-F|WASTAGE|Wastage / spillage,2026-05-02T01:20:30.52+00:00
E56-8084-07490-01,Daunorubicin,CERUBIDINE,20 mg,10,ADJUSTMENT_MINUS,SIM-F|EXPIRED_WRITEOFF|Expired stock write-off,2026-05-02T09:08:14.125+00:00
F42-C345-01628-01,Desloratadine,Katrinal,5 mg,21,ADJUSTMENT_PLUS,SIM-F|SYSTEM_CORRECTION|System quantity correction,2026-05-02T10:34:18.101+00:00
DQ3-A142-01786-02,Diclofenac Sodium,DICLOFENAC,25 mg/ml,4,ADJUSTMENT_MINUS,SIM-F|DAMAGED|Damaged goods write-off,2026-05-02T13:26:29.569+00:00
EU8-A427-11061-02,REVEFENACIN,YUPELRI,175 mcg/3mL,8,ADJUSTMENT_MINUS,SIM-F|DAMAGED|Damaged goods write-off,2026-05-02T22:09:41.873+00:00
J80-9866-10248-01,Combination (MAXON Atomax cream),MAXON Atomax Cream,0 Combination,14,ADJUSTMENT_PLUS,SIM-F|SYSTEM_CORRECTION|System quantity correction,2026-05-03T07:04:58.315+00:00
J79-D126-16904-01,Potassium Chloride,ODAN POTASSIUM CHLORIDE LIQUID,1500 mg/15ml,9,ADJUSTMENT_PLUS,SIM-F|RECEIVING_ERROR|Receiving quantity correction,2026-05-03T10:01:27.583+00:00
F26-1673-00132-01,"Adapalene,Benzoyl peroxide",EPIDUO,"1 mg/g,25 mg/g",5,ADJUSTMENT_MINUS,SIM-F|DAMAGED|Damaged goods write-off,2026-05-04T03:00:03.697+00:00
U77-7829-04667-01,Praziquantel,BERMOXEL,600 mg,11,ADJUSTMENT_MINUS,SIM-F|WASTAGE|Wastage / spillage,2026-05-04T07:04:18.377+00:00
OI0-C493-08321-01,"Rosuvastatin Calcium,Ezetimibe",ZYROVAZET ,"10 mg,10 mg",5,ADJUSTMENT_MINUS,SIM-F|DAMAGED|Damaged goods write-off,2026-05-04T10:21:10.624+00:00
BV9-9956-11081-01,Ondansetron hydrochloride dihydrate,Zemitron,4 mg/2ml,3,ADJUSTMENT_MINUS,SIM-F|DAMAGED|Damaged goods write-off,2026-05-04T17:00:23.254+00:00
EC5-B012-00309-02,"Amlodipine Besilate,Valsartan",OBREXA,"5 mg,160 mg",10,ADJUSTMENT_MINUS,SIM-F|DAMAGED|Damaged goods write-off,2026-05-05T02:36:47.066+00:00
L69-7341-07316-01,Epoetin alfa (BINOCRIT),BINOCRIT,4000 IU,6,ADJUSTMENT_MINUS,SIM-F|DAMAGED|Damaged goods write-off,2026-05-05T03:34:22.97+00:00
L71-4715-04119-01,Octreotide Acetate,SANDOSTATIN,0.2 mg/ml,5,ADJUSTMENT_MINUS,SIM-F|DAMAGED|Damaged goods write-off,2026-05-05T03:57:39.563+00:00
E53-1664-05066-01,"Calcium,Magnesium,Protease Thera-Blend,Serrapeptase (Serratiopeptidase)",ENZYMEDICA SERRAGOLD,"18 mg,0.1 mg,150 mg,45.5 mg",20,ADJUSTMENT_PLUS,SIM-F|RECEIVING_ERROR|Receiving quantity correction,2026-05-05T14:21:24.551+00:00
J30-6307-06473-02,"Sodium chloride,Potassium Chloride,Glucose (anhydrous),Sodium Citrate",ORIX,"3.5 g/ 30g,1.5 g/ 30g,20 g/ 30g,2.9 g/ 30g",27,ADJUSTMENT_PLUS,SIM-F|SYSTEM_CORRECTION|System quantity correction,2026-05-05T18:44:37.462+00:00
A54-2367-00617-01,Bemiparin Sodium,HIBOR,7500 IU,2,ADJUSTMENT_MINUS,SIM-F|WASTAGE|Wastage / spillage,2026-05-06T03:45:42.103+00:00
J81-1381-11898-02,Etamsylate,DICYNONE,500 mg,1,ADJUSTMENT_MINUS,SIM-F|EXPIRED_WRITEOFF|Expired stock write-off,2026-05-06T05:52:38.082+00:00
FM3-A608-11364-01,Polyethylene Glycol,Dicopeg,4999.99 mg/1 sachet,29,ADJUSTMENT_PLUS,SIM-F|RECEIVING_ERROR|Receiving quantity correction,2026-05-06T13:41:01.002+00:00
E16-0930-01204-01,Chlorpromazine,CHLORPROMAZINE,50 mg,12,ADJUSTMENT_MINUS,SIM-F|WASTAGE|Wastage / spillage,2026-05-06T16:01:26.71+00:00
D86-3397-03862-01,Montelukast Sodium,MOTRINEX,10 mg,10,ADJUSTMENT_PLUS,SIM-F|SYSTEM_CORRECTION|System quantity correction,2026-05-06T22:45:33.229+00:00
H50-6041-06236-02,"Neomycin Sulfate,Nystatin,Polymixin B Sulfate",POLYGYNAX,"35000 IU,100000 IU,35000 IU",9,ADJUSTMENT_MINUS,SIM-F|DAMAGED|Damaged goods write-off,2026-05-07T04:42:18.933+00:00
J23-3574-03686-01,Metformin Hydrochloride,NEOMET-XR,500 mg,6,ADJUSTMENT_MINUS,SIM-F|DAMAGED|Damaged goods write-off,2026-05-07T10:52:50.661+00:00
G33-0048-00102-01,Aciclovir (Acyclovir),ACIC,200 mg,29,ADJUSTMENT_PLUS,SIM-F|RECEIVING_ERROR|Receiving quantity correction,2026-05-07T16:52:49.805+00:00
BB8-9465-09580-01,"Dimethyl Siloxane,Dimethyl vinyl Terminated,Dimethyl methylcyclosiloxane,Dimethyl methyl hydrogen siloxane,Dimethyl Siloxane,Hydrogen Terminated",New Gel Beige Silicon Large Abdomen Sheet,"60 %,1 %,10 %,30 %",10,ADJUSTMENT_MINUS,SIM-F|WASTAGE|Wastage / spillage,2026-05-08T02:56:35.202+00:00
J82-0450-00511-01,Atenolol,ATORMIN,100 mg,6,ADJUSTMENT_MINUS,SIM-F|EXPIRED_WRITEOFF|Expired stock write-off,2026-05-08T17:46:00.358+00:00
J30-6405-04174-01,Ondansetron,ZANAFRA,2 mg/ml,9,ADJUSTMENT_MINUS,SIM-F|EXPIRED_WRITEOFF|Expired stock write-off,2026-05-08T19:20:32.519+00:00
J82-0237-00290-01,Amlodipine Besilate,AMLO,10 mg,10,ADJUSTMENT_MINUS,SIM-F|DAMAGED|Damaged goods write-off,2026-05-09T02:12:07.722+00:00
DQ3-A142-01786-02,Diclofenac Sodium,DICLOFENAC,25 mg/ml,1,ADJUSTMENT_MINUS,SIM-F|EXPIRED_WRITEOFF|Expired stock write-off,2026-05-09T02:55:53.22+00:00
T96-7631-09716-02,KALIUM PHOSPHORICUM 6X,KALIUM PHOSPHORICUM 6X- ADLER PHARMA,250 mg,1,ADJUSTMENT_MINUS,SIM-F|WASTAGE|Wastage / spillage,2026-05-09T15:59:44.05+00:00
F72-3994-07613-03,Paracetamol (Acetaminophen),PANADOL ADVANCE,500 mg,4,ADJUSTMENT_MINUS,SIM-F|DAMAGED|Damaged goods write-off,2026-05-09T16:03:07.29+00:00
S28-7110-07135-01,Scar Repair combination (NEWGEL+ SILICONE SHEETING),NEWGEL+ SILICONE SHEETING,Combination,5,ADJUSTMENT_MINUS,SIM-F|DAMAGED|Damaged goods write-off,2026-05-10T00:24:22.842+00:00
E04-2481-02913-01,Ibuprofen,IBUTOP,50 mg/g,1,ADJUSTMENT_MINUS,SIM-F|EXPIRED_WRITEOFF|Expired stock write-off,2026-05-10T02:54:47.349+00:00
B38-1603-03328-01,Leuprorelin Acetate,ELIGARD,22.5 mg,2,ADJUSTMENT_MINUS,SIM-F|DAMAGED|Damaged goods write-off,2026-05-10T04:41:27.61+00:00
J77-1082-04572-01,"Lactic acid,Polidocanol,Salicylic Acid",COLLOMAK,"0.5 g/10g,0.2 g/10g,2 g/10g",13,ADJUSTMENT_MINUS,SIM-F|EXPIRED_WRITEOFF|Expired stock write-off,2026-05-11T02:22:56.059+00:00
C44-6065-06259-01,Iron (Ferrous Bis-Glycinate),EXTRAFER LIQUID,140 mg/5ml,10,ADJUSTMENT_PLUS,SIM-F|RECEIVING_ERROR|Receiving quantity correction,2026-05-11T06:51:13.219+00:00
F98-C551-15794-01,Iron (Emulsified Iron pyrophosphate 412.5 mg),LIPOFERA,30 mg/ 1 capsule,13,ADJUSTMENT_PLUS,SIM-F|RECEIVING_ERROR|Receiving quantity correction,2026-05-11T10:46:36.03+00:00
K34-0718-00299-01,"Amlodipine Besilate,Atorvastatin Calcium",CADUET,"5 mg,20 mg",6,ADJUSTMENT_MINUS,SIM-F|DAMAGED|Damaged goods write-off,2026-05-11T12:45:13.06+00:00
E50-2608-00080-01,"Acacia,Ascorbic Acid (Vitamin C),Iceland Moss Extract",ISLA CASSIS,"467.75 mg,10 mg,80 mg",4,ADJUSTMENT_MINUS,SIM-F|WASTAGE|Wastage / spillage,2026-05-12T07:03:12.352+00:00
J33-2294-03928-01,Multivitamin& Minerals,HAEMOGAIN,Combination,8,ADJUSTMENT_PLUS,SIM-F|RECEIVING_ERROR|Receiving quantity correction,2026-05-12T12:52:02.702+00:00
EC7-A324-10858-01,Minoxidil,MINOXIDIL,2.5 mg,5,ADJUSTMENT_MINUS,SIM-F|EXPIRED_WRITEOFF|Expired stock write-off,2026-05-12T15:30:45.051+00:00
D56-2986-02373-01,"Clioquinol,Flumethasone",LOCACORTEN-VIOFORM,"30 mg/g,0.2 mg/g",1,ADJUSTMENT_MINUS,SIM-F|DAMAGED|Damaged goods write-off,2026-05-13T02:25:48.681+00:00
N37-A508-00440-01,Aripiprazole,ARPENIA,15 mg,3,ADJUSTMENT_MINUS,SIM-F|DAMAGED|Damaged goods write-off,2026-05-13T05:11:14.673+00:00
J23-3564-00235-01,"Aluminium Hydroxide,Magnesium Hydroxide",NEOGASTRO,"200 mg,200 mg",9,ADJUSTMENT_MINUS,SIM-F|DAMAGED|Damaged goods write-off,2026-05-13T11:23:37.27+00:00
H21-3422-00769-01,Bromhexine Hydrochloride,MUCOLYTE,4 mg/5ml,8,ADJUSTMENT_MINUS,SIM-F|DAMAGED|Damaged goods write-off,2026-05-14T06:11:46.615+00:00
F98-D744-18607-01,Iron (as iron Pyrophosphate),CAPTOFER capsules,30 mg/1 Capsule,13,ADJUSTMENT_PLUS,SIM-F|RECEIVING_ERROR|Receiving quantity correction,2026-05-14T08:46:17.001+00:00
J23-3585-03478-01,Lisinopril Dihydrate,NEOPRIL,20 mg,3,ADJUSTMENT_MINUS,SIM-F|WASTAGE|Wastage / spillage,2026-05-14T11:58:31.461+00:00
FT0-C011-02830-01,Hydrocortisone 17- butyrate,Locoid Ointment,1 mg/g,5,ADJUSTMENT_MINUS,SIM-F|DAMAGED|Damaged goods write-off,2026-05-14T13:19:57.769+00:00
J23-4111-01219-02,"Chondroitin Sulfate,Glucosamine Sulfate,Methylsulfonylmethane (MSM)",PHARMALINE OSTEOAMINE,"400 mg,500 mg,400 mg",6,ADJUSTMENT_MINUS,SIM-F|DAMAGED|Damaged goods write-off,2026-05-14T19:22:30.649+00:00
F68-3993-04349-01,"Diphenhydramine,Paracetamol (Acetaminophen)",PANADOL,"25 mg,500 mg",9,ADJUSTMENT_MINUS,SIM-F|DAMAGED|Damaged goods write-off,2026-05-14T21:53:47.316+00:00
F94-1757-01760-01,Diazoxide,EUDEMINE,15 mg/ml,19,ADJUSTMENT_PLUS,SIM-F|RECEIVING_ERROR|Receiving quantity correction,2026-05-15T02:47:21.366+00:00
SM9-E242-05221-01,Sodium Hyaluronate,OpHLINE,20 mg/ml,6,ADJUSTMENT_PLUS,SIM-F|RECEIVING_ERROR|Receiving quantity correction,2026-05-15T09:51:46.899+00:00
E42-2718-01018-01,Cefalexin,KEFLEX,250 mg,10,ADJUSTMENT_MINUS,SIM-F|WASTAGE|Wastage / spillage,2026-05-15T17:12:45.843+00:00
F25-0533-00929-01,Camphor& Menthol& Sulfur (ppt)& Zinc oxide,BALTO FOOT,Combination,11,ADJUSTMENT_MINUS,SIM-F|DAMAGED|Damaged goods write-off,2026-05-15T22:27:17.361+00:00
E04-2481-02913-02,Ibuprofen,IBUTOP,50 mg/g,8,ADJUSTMENT_MINUS,SIM-F|DAMAGED|Damaged goods write-off,2026-05-16T06:59:05.026+00:00
FQ8-A659-03203-01,Itraconazole,ITRATOP,100 mg,1,ADJUSTMENT_MINUS,SIM-F|WASTAGE|Wastage / spillage,2026-05-16T07:13:19.36+00:00
A60-4815-04804-01,Purified Dimethylpolysiloxane,SILIKON,100 %,6,ADJUSTMENT_MINUS,SIM-F|DAMAGED|Damaged goods write-off,2026-05-16T07:35:25.713+00:00
M34-0638-00330-01,Amoxicillin Trihydrate,BIOMOX,125 mg/5ml,1,ADJUSTMENT_MINUS,SIM-F|WASTAGE|Wastage / spillage,2026-05-16T10:52:34.844+00:00
F91-E115-19588-01,Vonoprazan Fumarate 13.361 mg equivalent to Vonoprazan 10 mg,VONACAB,10 mg/1Tablet,6,ADJUSTMENT_MINUS,SIM-F|DAMAGED|Damaged goods write-off,2026-05-16T19:29:37.636+00:00
FB2-A529-11205-02,Cannabidiol,CBD Muscle & Joint,1000 mg,11,ADJUSTMENT_MINUS,SIM-F|EXPIRED_WRITEOFF|Expired stock write-off,2026-05-16T21:02:54.721+00:00
F98-A720-17663-01,"Liposomal Iron,Folic Acid",OXYFer forte,"30 mg,400 mcg",8,ADJUSTMENT_MINUS,SIM-F|DAMAGED|Damaged goods write-off,2026-05-16T22:39:31.983+00:00
GR2-B482-03898-01,"Vitamin D3 (Cholecalciferol),Vitamin A,Vitamin E,Zinc Gluconate,Vitamin C,Folic Acid,Biotin (Vitamin H)",PANAVIT DROPS,"10 mcg/5 drops,360 mcg/5 drops,1.8 mg/5drops,1.53 mg/5drops,20 mg/5 drops,50 mcg/5 drops,7.5 mcg/5 drops",2,ADJUSTMENT_MINUS,SIM-F|WASTAGE|Wastage / spillage,2026-05-17T20:07:42.059+00:00
J23-3967-04141-01,Olmesartan Medoxomil,OXAMI,40 mg,25,ADJUSTMENT_PLUS,SIM-F|RECEIVING_ERROR|Receiving quantity correction,2026-05-17T21:38:16.331+00:00
E08-4751-03227-01,Ketoconazole,SEBIZOLE,20 mg/ml,9,ADJUSTMENT_MINUS,SIM-F|DAMAGED|Damaged goods write-off,2026-05-18T01:47:53.094+00:00
XK6-E360-20215-01,Pyridostigmine Bromide,Pyridostigmine Bromide,12 mg/ml,6,ADJUSTMENT_MINUS,SIM-F|DAMAGED|Damaged goods write-off,2026-05-18T04:27:50.072+00:00
F98-A720-17664-01,"Liposomal Iron,Folic Acid",OXYFer forte,"30 mg,400 mcg",5,ADJUSTMENT_MINUS,SIM-F|EXPIRED_WRITEOFF|Expired stock write-off,2026-05-18T06:27:56.019+00:00
F91-D775-18717-01,Ondansetron USP,NAUVEXIA ODX,8 mg/1 Film,8,ADJUSTMENT_MINUS,SIM-F|WASTAGE|Wastage / spillage,2026-05-18T17:58:49.294+00:00
F67-5765-00071-01,Abacavir Sulfate,ZIAGEN,20 mg/ml,1,ADJUSTMENT_MINUS,SIM-F|EXPIRED_WRITEOFF|Expired stock write-off,2026-05-19T01:39:26.765+00:00
L03-2227-02604-01,Glycerol,GLYCERIN,70 %,7,ADJUSTMENT_MINUS,SIM-F|DAMAGED|Damaged goods write-off,2026-05-19T02:19:01.826+00:00
E08-1742-02205-01,Ethinylestradiol,ETHINYL ESTRADIOL,10 mcg,21,ADJUSTMENT_PLUS,SIM-F|SYSTEM_CORRECTION|System quantity correction,2026-05-19T03:39:44.351+00:00
PR3-4787-05023-01,"Fluticasone Propionate,Salmeterol Xinafoate",SERETIDE DISKUS,"100 mcg,50 mcg",1,ADJUSTMENT_MINUS,SIM-F|DAMAGED|Damaged goods write-off,2026-05-19T07:23:02.669+00:00
J30-6466-02567-01,Gliclazide,GLYNEXA MR,30 mg,2,ADJUSTMENT_MINUS,SIM-F|DAMAGED|Damaged goods write-off,2026-05-19T08:41:29.892+00:00
F72-3994-07613-03,Paracetamol (Acetaminophen),PANADOL ADVANCE,500 mg,12,ADJUSTMENT_MINUS,SIM-F|DAMAGED|Damaged goods write-off,2026-05-19T18:01:06.674+00:00
F91-D775-18717-01,Ondansetron USP,NAUVEXIA ODX,8 mg/1 Film,5,ADJUSTMENT_MINUS,SIM-F|DAMAGED|Damaged goods write-off,2026-05-19T21:41:01.983+00:00
F91-E132-19743-01,Lactic acid Bacillus (100 Billion cfu/g),LACTIFLORA ODX,2.25,17,ADJUSTMENT_PLUS,SIM-F|RECEIVING_ERROR|Receiving quantity correction,2026-05-20T03:05:18.859+00:00
J23-3575-04325-02,Paracetamol (Acetaminophen),NEOMOL,500 mg,9,ADJUSTMENT_MINUS,SIM-F|WASTAGE|Wastage / spillage,2026-05-20T03:17:38.773+00:00
F68-4001-04358-01,"Paracetamol (Acetaminophen),Phenylephrine Hydrochloride",PANADOL SINUS RELIEF PE,"500 mg,5 mg",16,ADJUSTMENT_PLUS,SIM-F|RECEIVING_ERROR|Receiving quantity correction,2026-05-20T04:18:20.652+00:00
DQ6-3173-03600-02,Megestrol Acetate,MEGESTROL ACETATE,40 mg/ml,5,ADJUSTMENT_MINUS,SIM-F|WASTAGE|Wastage / spillage,2026-05-20T05:11:08.273+00:00
U55-4914-04402-01,Pegvisomant (SOMAVERT),SOMAVERT,10 mg,5,ADJUSTMENT_MINUS,SIM-F|WASTAGE|Wastage / spillage,2026-05-20T09:51:44.954+00:00
A68-3003-02305-01,Fenticonazole Nitrate,LOMEXIN,20 mg/ml,6,ADJUSTMENT_MINUS,SIM-F|DAMAGED|Damaged goods write-off,2026-05-20T10:59:30.677+00:00
E45-4069-03161-01,Isosorbide Dinitrate,PENSORDIL,10 mg,11,ADJUSTMENT_PLUS,SIM-F|RECEIVING_ERROR|Receiving quantity correction,2026-05-20T14:45:59.648+00:00
O18-5409-03642-01,"Eucalyptol,Guaiacol,Menthol,Terpinol,Thymol",VALDA LEMON,"0.451 mg,0.016 mg,3.28 mg,0.016 mg,0.016 mg",19,ADJUSTMENT_PLUS,SIM-F|SYSTEM_CORRECTION|System quantity correction,2026-05-20T23:56:17.583+00:00
R46-7523-02166-01,Esomeprazole Sodium,ESOLAB,40 mg,8,ADJUSTMENT_MINUS,SIM-F|DAMAGED|Damaged goods write-off,2026-05-21T04:13:36.105+00:00
J23-3579-04319-01,Paracetamol (Acetaminophen),NEOMOL PLUS,250 mg/5ml,4,ADJUSTMENT_MINUS,SIM-F|DAMAGED|Damaged goods write-off,2026-05-21T08:58:15.752+00:00
FB3-1735-07675-02,Estradiol,ESTRADIOL,0.5 mg,14,ADJUSTMENT_MINUS,SIM-F|DAMAGED|Damaged goods write-off,2026-05-21T16:54:45.261+00:00
H21-0183-03535-04,"Magnesium Aluminium Silicate,Simethicone (Simeticone)",ALKASID,"250 mg,50 mg",11,ADJUSTMENT_PLUS,SIM-F|RECEIVING_ERROR|Receiving quantity correction,2026-05-21T22:07:52.92+00:00
F98-A720-17664-01,"Liposomal Iron,Folic Acid",OXYFer forte,"30 mg,400 mcg",1,ADJUSTMENT_MINUS,SIM-F|DAMAGED|Damaged goods write-off,2026-05-22T01:27:52.858+00:00
J79-B564-19599-01,Bupropion Hydrochloride,BUPROPION SR,100 mg,10,ADJUSTMENT_MINUS,SIM-F|DAMAGED|Damaged goods write-off,2026-05-22T10:30:38.536+00:00
B46-5682-01579-01,"Dapagliflozin Propanediol,Metformin Hydrochloride",XIGDUO XR,"5 mg,500 mg",6,ADJUSTMENT_MINUS,SIM-F|DAMAGED|Damaged goods write-off,2026-05-22T16:45:56.905+00:00
F91-E136-19703-01,Gokshura (Tribulus Terrestris Powder Extract Std. to Contain NLT 45% Steroidal Saponins),Emigold,250 mg/Capsule,12,ADJUSTMENT_MINUS,SIM-F|DAMAGED|Damaged goods write-off,2026-05-22T23:40:47.598+00:00
J41-1162-05199-01,Sodium Cromoglicate (Cromolyn Sodium),CROMOGEN,5 mg,7,ADJUSTMENT_MINUS,SIM-F|DAMAGED|Damaged goods write-off,2026-05-23T01:05:27.016+00:00
EA1-C083-02909-02,Ibuprofen,EXPREN,400 mg,2,ADJUSTMENT_MINUS,SIM-F|DAMAGED|Damaged goods write-off,2026-05-23T02:25:48.672+00:00
E58-2739-03907-01,Multivitamin,KETOVITE,Combination,14,ADJUSTMENT_MINUS,SIM-F|WASTAGE|Wastage / spillage,2026-05-23T03:36:54.846+00:00
E41-5827-04132-01,Olanzapine,ZYPREXA VELOTAB,5 mg,12,ADJUSTMENT_MINUS,SIM-F|EXPIRED_WRITEOFF|Expired stock write-off,2026-05-23T09:34:44.038+00:00
E56-4300-04736-01,Procainamide ,PROCAN SR,500 mg,10,ADJUSTMENT_MINUS,SIM-F|DAMAGED|Damaged goods write-off,2026-05-24T00:44:40.066+00:00
T16-8736-04756-01,Promethazine Hydrochloride,PROMETHAZIN-NEURAXPHARM,25 mg/ml,6,ADJUSTMENT_MINUS,SIM-F|DAMAGED|Damaged goods write-off,2026-05-24T01:41:50.543+00:00
F26-1673-00132-02,"Adapalene,Benzoyl peroxide",EPIDUO,"1 mg/g,25 mg/g",3,ADJUSTMENT_MINUS,SIM-F|DAMAGED|Damaged goods write-off,2026-05-24T12:34:29.817+00:00
J39-4943-00252-01,Alverine Citrate,SPASMONAL,60 mg,13,ADJUSTMENT_MINUS,SIM-F|DAMAGED|Damaged goods write-off,2026-05-24T16:04:31.621+00:00
E11-7480-09212-02,Budesonide,JORVEZA,0.5 mg,3,ADJUSTMENT_MINUS,SIM-F|WASTAGE|Wastage / spillage,2026-05-24T20:42:34.944+00:00
J90-5044-00483-01,Asenapine Maleate,SYCREST,10 mg,15,ADJUSTMENT_MINUS,SIM-F|WASTAGE|Wastage / spillage,2026-05-24T21:19:36.127+00:00
EC3-0162-10860-02,Salbutamol (Albuterol),ALBUTEROL,4 mg,9,ADJUSTMENT_PLUS,SIM-F|RECEIVING_ERROR|Receiving quantity correction,2026-05-24T23:19:25.142+00:00
G10-0453-00529-02,Atracurium Besilate,ATRACURIUM-HAMELN,10 mg/ml,30,ADJUSTMENT_PLUS,SIM-F|SYSTEM_CORRECTION|System quantity correction,2026-05-24T23:58:19.109+00:00
J10-A823-04162-03,Omeprazole,OMAPRO,20 mg,2,ADJUSTMENT_MINUS,SIM-F|WASTAGE|Wastage / spillage,2026-05-25T01:18:44.215+00:00
EU7-A442-11060-02,Mistletoe plant extract,ISCADOR P,0.01 mg/ml,7,ADJUSTMENT_MINUS,SIM-F|DAMAGED|Damaged goods write-off,2026-05-25T01:49:54.815+00:00
E13-7116-18198-01,"Carbomer (Carbomer 980),Sodium Hyaluronate,Triglycerides (medium chain)",Artelac Complete MDO,"0.625 mg/g,2.4 mg/g,2 mg/g",19,ADJUSTMENT_PLUS,SIM-F|RECEIVING_ERROR|Receiving quantity correction,2026-05-25T12:32:28.645+00:00
EY2-C605-18095-01,Vardenafil Hydrochloride Trihydrate 11.853 mg  equivalent to Vardenafil 10 mg,VARDEN,10 mg,7,ADJUSTMENT_MINUS,SIM-F|WASTAGE|Wastage / spillage,2026-05-25T17:10:16.618+00:00
O41-0517-03923-01,Multivitamin& Iron & Zinc,BABY TUMEE INFANTS MULTI-VIT IRON & ZINC,Combination,5,ADJUSTMENT_MINUS,SIM-F|DAMAGED|Damaged goods write-off,2026-05-26T07:31:21.922+00:00
EC5-C454-04003-04,Nebivolol Hydrochloride,ZYVENLOL,5 mg,8,ADJUSTMENT_MINUS,SIM-F|DAMAGED|Damaged goods write-off,2026-05-26T11:46:49.795+00:00
M52-1636-02037-01,Enalapril,ENALAPRIL,5 mg,5,ADJUSTMENT_MINUS,SIM-F|DAMAGED|Damaged goods write-off,2026-05-26T14:24:57.872+00:00
M52-2431-02823-01,Hydrocortisone,HYDROCORTISONE,10 mg/g,17,ADJUSTMENT_PLUS,SIM-F|RECEIVING_ERROR|Receiving quantity correction,2026-05-26T14:39:01.222+00:00
O62-1341-01723-01,Dextrose (monohydrate),DEXTROSE INJECTION USP,100 mg/ml,10,ADJUSTMENT_MINUS,SIM-F|DAMAGED|Damaged goods write-off,2026-05-26T16:26:14.831+00:00
E15-1442-01911-01,Divalproex Sodium (Valproate Semisodium),DIVALPROEX SODIUM,125 mg,4,ADJUSTMENT_MINUS,SIM-F|WASTAGE|Wastage / spillage,2026-05-27T01:02:52.819+00:00
O99-6868-08498-02,(Homeopathy) Allium Cepa,ALLIUM CEPA-BOIRON,200 CH,1,ADJUSTMENT_MINUS,SIM-F|DAMAGED|Damaged goods write-off,2026-05-27T01:47:06.221+00:00
D98-0561-00014-01,(Homeopathy) Atropa Belladonna Trit. D4,BELLADONNA - DHU,Combination,2,ADJUSTMENT_MINUS,SIM-F|DAMAGED|Damaged goods write-off,2026-05-27T07:14:02.872+00:00
J81-1483-00886-01,Calcium Dobesilate& HydrodextranSulfate Potassium,DOXIVENIL,20 mg/g,6,ADJUSTMENT_MINUS,SIM-F|DAMAGED|Damaged goods write-off,2026-05-27T15:08:25.503+00:00
F91-D775-18717-01,Ondansetron USP,NAUVEXIA ODX,8 mg/1 Film,8,ADJUSTMENT_MINUS,SIM-F|WASTAGE|Wastage / spillage,2026-05-27T15:52:34.766+00:00
D46-3362-03845-01,Modafinil,MODAFINIL,100 mg,6,ADJUSTMENT_PLUS,SIM-F|SYSTEM_CORRECTION|System quantity correction,2026-05-27T22:39:29.302+00:00
J82-7326-04971-01,Rosuvastatin Calcium,ZYROSA,20 mg,14,ADJUSTMENT_PLUS,SIM-F|RECEIVING_ERROR|Receiving quantity correction,2026-05-28T06:10:42.672+00:00
DO3-A126-10599-02,Recombinant COVID-19 Vaccine (Enhanced G2),ENHANCED Gen2-Recombinant Corona Virus Vaccine (CT),0.5 ml,1,ADJUSTMENT_MINUS,SIM-F|DAMAGED|Damaged goods write-off,2026-05-28T11:41:37.072+00:00
N95-5523-03249-01,Lacosamide,VIMPAT,100 mg,2,ADJUSTMENT_MINUS,SIM-F|DAMAGED|Damaged goods write-off,2026-05-28T13:36:12.941+00:00
J23-3588-00769-01,Bromhexine Hydrochloride,NEOSOLVON,4 mg/5ml,7,ADJUSTMENT_MINUS,SIM-F|WASTAGE|Wastage / spillage,2026-05-28T18:57:58.026+00:00
F06-1366-04480-01,Phenoxybenzamine Hydrochloride,DIBENZYLINE,10 mg,14,ADJUSTMENT_MINUS,SIM-F|DAMAGED|Damaged goods write-off,2026-05-28T19:58:00.086+00:00
FT0-5408-05771-01,Valganciclovir Hydrochloride,VALCYTE,450 mg,9,ADJUSTMENT_MINUS,SIM-F|EXPIRED_WRITEOFF|Expired stock write-off,2026-05-28T20:35:57.889+00:00
FT1-A705-11476-01,Linezolid,LIZOFORCE,100 mg/5ml,3,ADJUSTMENT_MINUS,SIM-F|DAMAGED|Damaged goods write-off,2026-05-29T00:55:56.275+00:00
C92-2761-05105-02,Sincalide,KINEVAC,5 mcg,5,ADJUSTMENT_PLUS,SIM-F|RECEIVING_ERROR|Receiving quantity correction,2026-05-29T08:44:56.021+00:00
J90-3925-02522-01,Ganirelix,ORGALUTRAN,0.25 mg/0.5ml,29,ADJUSTMENT_PLUS,SIM-F|SYSTEM_CORRECTION|System quantity correction,2026-05-29T14:20:14.862+00:00
D51-3309-03429-01,"Fluorescein Sodium,Lidocaine Hydrochloride",MINIMS LIDOCAINE & FLUORESCEIN,"2.5 mg/ml,40 mg/ml",4,ADJUSTMENT_MINUS,SIM-F|DAMAGED|Damaged goods write-off,2026-05-29T15:00:02.812+00:00
DQ3-A142-01786-02,Diclofenac Sodium,DICLOFENAC,25 mg/ml,12,ADJUSTMENT_MINUS,SIM-F|EXPIRED_WRITEOFF|Expired stock write-off,2026-05-29T15:15:27.887+00:00
FK6-7704-16274-02,Lanadelumab,TAKHZYRO,150 mg/ml,4,ADJUSTMENT_MINUS,SIM-F|WASTAGE|Wastage / spillage,2026-05-29T15:46:32.113+00:00
E12-8826-08702-03,Physostigmine Salicylate,ANTICHOLIUM,2 mg/5ml,1,ADJUSTMENT_MINUS,SIM-F|EXPIRED_WRITEOFF|Expired stock write-off,2026-05-29T21:44:54.979+00:00
A84-7180-07185-01,Nifedipine,ADEFIN XL,30 mg,9,ADJUSTMENT_MINUS,SIM-F|DAMAGED|Damaged goods write-off,2026-05-30T06:19:26.215+00:00
ES8-B371-13144-01,"Zinc Citrate,Green Tea Extract,Isoquercitin,Vitamin C (L-Ascorbic Acid)",ZINCURE,"23.9 mg/Capsule,100 mg/Capsule,50 mg,250 mg",30,ADJUSTMENT_PLUS,SIM-F|RECEIVING_ERROR|Receiving quantity correction,2026-05-30T09:42:17.761+00:00
F71-3654-04040-01,Nicotine Polacrilex,NIQUITIN,4 mg,9,ADJUSTMENT_MINUS,SIM-F|EXPIRED_WRITEOFF|Expired stock write-off,2026-05-30T10:01:24.721+00:00
L50-1319-01651-01,Dexamethasone,DEXAMETHASONE,5 mg/ml,2,ADJUSTMENT_MINUS,SIM-F|WASTAGE|Wastage / spillage,2026-05-30T15:47:18.468+00:00
D09-5038-02017-01,Efavirenz,SUSTIVA,200 mg,1,ADJUSTMENT_MINUS,SIM-F|WASTAGE|Wastage / spillage,2026-05-30T20:54:11.372+00:00
J82-B149-12335-01,Sesame Oil,AEROSE PLUS,99.75,9,ADJUSTMENT_MINUS,SIM-F|WASTAGE|Wastage / spillage,2026-05-30T22:51:20.441+00:00
P84-6134-00399-02,Antilymphocyte Immunoglobulin (Rabbit),GRAFALON,20 mg/ml,2,ADJUSTMENT_MINUS,SIM-F|DAMAGED|Damaged goods write-off,2026-05-31T01:53:12.918+00:00
EY2-D519-00313-01,"Amlodipine Besilate,Hydrochlorothiazide,Valsartan",Valdipine H,"5 mg,12.5 mg,160 mg",12,ADJUSTMENT_MINUS,SIM-F|EXPIRED_WRITEOFF|Expired stock write-off,2026-05-31T02:20:05.327+00:00
J31-3599-04896-01,Renal Multivitamin (NEPHLEX RX),NEPHLEX RX,Combination,3,ADJUSTMENT_MINUS,SIM-F|DAMAGED|Damaged goods write-off,2026-05-31T15:30:43.264+00:00
FQ8-A659-11401-01,Itraconazole,ITRATOP,100 mg,12,ADJUSTMENT_MINUS,SIM-F|DAMAGED|Damaged goods write-off,2026-05-31T17:43:41.996+00:00
U80-7835-01418-01,Codeine Phosphate,GOLD CROSS CODEINE LINCTUS,5 mg/ml,16,ADJUSTMENT_PLUS,SIM-F|SYSTEM_CORRECTION|System quantity correction,2026-06-01T00:15:25.801+00:00
J30-6466-02568-01,Gliclazide,GLYNEXA MR,60 mg,10,ADJUSTMENT_MINUS,SIM-F|EXPIRED_WRITEOFF|Expired stock write-off,2026-06-01T01:19:29.031+00:00
J23-3592-00511-01,Atenolol,NEOTENOL,100 mg,5,ADJUSTMENT_MINUS,SIM-F|DAMAGED|Damaged goods write-off,2026-06-01T08:05:36.573+00:00
F21-4220-04627-01,Potassium Phosphate,POTASSIUM PHOSPHATE,3 mmol/ml,1,ADJUSTMENT_MINUS,SIM-F|DAMAGED|Damaged goods write-off,2026-06-01T17:36:49.912+00:00
G59-3942-01216-01,"Chondroitin Sulfate Sodium,Glucosamine Sulfate Potassium Chloride",OSICART FORTE,"400 mg,750 mg",11,ADJUSTMENT_MINUS,SIM-F|DAMAGED|Damaged goods write-off,2026-06-01T17:40:06.178+00:00
O99-A703-13460-02,(Homeopathy) CUPRUM METALLICUM,CUPRUM METALLICUM-BOIRON,30 CH,11,ADJUSTMENT_PLUS,SIM-F|RECEIVING_ERROR|Receiving quantity correction,2026-06-02T01:44:26.166+00:00
E50-4350-02707-01,Hedera Helix (Dried Ivy Leaves Extract),PROSPAN COUGH,80 mg,11,ADJUSTMENT_MINUS,SIM-F|DAMAGED|Damaged goods write-off,2026-06-02T11:53:07.454+00:00
J30-6563-03616-02,Meloxicam,MELOFAST,7.5 mg,18,ADJUSTMENT_PLUS,SIM-F|SYSTEM_CORRECTION|System quantity correction,2026-06-02T14:52:29.449+00:00
EU6-B230-12518-01,"Calcium (Calcium Carbonate),Vitamin K2(Menaquinone-7),Cholecalciferol (Vitamin D3)",SHELKAL,"1000 mg,11.25 mg,1 mg",16,ADJUSTMENT_PLUS,SIM-F|RECEIVING_ERROR|Receiving quantity correction,2026-06-02T22:10:06.352+00:00
J10-3031-03510-01,Losartan Potassium,LOSART,50 mg,18,ADJUSTMENT_PLUS,SIM-F|RECEIVING_ERROR|Receiving quantity correction,2026-06-03T02:23:48.348+00:00
FB2-A529-11205-02,Cannabidiol,CBD Muscle & Joint,1000 mg,1,ADJUSTMENT_MINUS,SIM-F|EXPIRED_WRITEOFF|Expired stock write-off,2026-06-03T07:58:00.952+00:00
I53-2300-03829-01,Minoxidil,HAIRGAINE FOR WOMEN,20 mg/ml,1,ADJUSTMENT_MINUS,SIM-F|WASTAGE|Wastage / spillage,2026-06-03T12:36:18.841+00:00
A68-0105-02276-01,Febuxostat,ADENURIC,120 mg,29,ADJUSTMENT_PLUS,SIM-F|RECEIVING_ERROR|Receiving quantity correction,2026-06-03T20:24:15.612+00:00
Q05-7887-07732-01,Sodium Hyaluronate& Vitamin E combination (REFEEL),REFEEL,Combination,11,ADJUSTMENT_PLUS,SIM-F|RECEIVING_ERROR|Receiving quantity correction,2026-06-03T22:12:45.812+00:00
Q69-9477-00284-01,Amitriptyline Hydrochloride,AMIROL,10 mg,6,ADJUSTMENT_MINUS,SIM-F|DAMAGED|Damaged goods write-off,2026-06-04T11:08:30.268+00:00
J95-3239-03704-01,Methotrexate,METHOTREXATE,10 mg,11,ADJUSTMENT_MINUS,SIM-F|WASTAGE|Wastage / spillage,2026-06-04T14:50:47.582+00:00
G54-D046-16732-01,"Hyaluronic acid sodium salt (HMW - High Molecular Weight),Hyaluronic acid sodium salt (LMW - Low Molecular Weight)",Sinovial HL,"32 mg/2ml,32 mg/2ml",21,ADJUSTMENT_PLUS,SIM-F|RECEIVING_ERROR|Receiving quantity correction,2026-06-04T17:47:30.403+00:00
U43-3235-03738-01,Methylergometrine Maleate,METHERGIN,0.2 mg,8,ADJUSTMENT_PLUS,SIM-F|RECEIVING_ERROR|Receiving quantity correction,2026-06-04T20:41:49.621+00:00
E11-5398-07300-01,Ursodeoxycholic Acid,URSOFALK,500 mg,18,ADJUSTMENT_PLUS,SIM-F|SYSTEM_CORRECTION|System quantity correction,2026-06-05T00:45:25.913+00:00
EY2-C605-18095-01,Vardenafil Hydrochloride Trihydrate 11.853 mg  equivalent to Vardenafil 10 mg,VARDEN,10 mg,3,ADJUSTMENT_MINUS,SIM-F|DAMAGED|Damaged goods write-off,2026-06-05T09:03:55.307+00:00
J23-3566-03781-01,Metronidazole,NEOGYL,500 mg,13,ADJUSTMENT_MINUS,SIM-F|DAMAGED|Damaged goods write-off,2026-06-05T13:38:36.033+00:00
D84-0222-06633-01,Phenylbutyrate Sodium,AMBUTYRATE,250 mg/ml,7,ADJUSTMENT_MINUS,SIM-F|WASTAGE|Wastage / spillage,2026-06-05T14:35:44.186+00:00
J91-1813-05569-02,Toremifene Citrate,FARESTON,60 mg,4,ADJUSTMENT_MINUS,SIM-F|EXPIRED_WRITEOFF|Expired stock write-off,2026-06-05T14:36:56.251+00:00
FT0-E066-00177-01,Alfacalcidol,One Alpha,2 mcg/ml,9,ADJUSTMENT_PLUS,SIM-F|SYSTEM_CORRECTION|System quantity correction,2026-06-05T15:31:08.786+00:00
F04-5454-01851-01,"Calamine,Dimethicone,Zinc oxide",VASOGEN,"1.5 g,20 g,7.5 g",9,ADJUSTMENT_MINUS,SIM-F|DAMAGED|Damaged goods write-off,2026-06-05T21:14:43.294+00:00
B30-0263-00354-01,Ampicillin Sodium,AMPICILLIN,2 g,6,ADJUSTMENT_MINUS,SIM-F|DAMAGED|Damaged goods write-off,2026-06-06T17:03:39.68+00:00
J39-3702-05315-01,"Frangula,Sterculia",NORMACOL PLUS,"80 mg/g,620 mg/g",7,ADJUSTMENT_MINUS,SIM-F|DAMAGED|Damaged goods write-off,2026-06-06T17:46:30.56+00:00
F51-0362-03178-01,Isotonic Sea Water,AQUAMER,28.57 ml/100ml,26,ADJUSTMENT_PLUS,SIM-F|SYSTEM_CORRECTION|System quantity correction,2026-06-07T03:13:01.318+00:00
G93-3891-01152-01,Chloramphenicol,OPTICHLOR,5 mg/ml,26,ADJUSTMENT_PLUS,SIM-F|SYSTEM_CORRECTION|System quantity correction,2026-06-07T07:12:14.036+00:00
E08-4751-03227-01,Ketoconazole,SEBIZOLE,20 mg/ml,15,ADJUSTMENT_MINUS,SIM-F|WASTAGE|Wastage / spillage,2026-06-07T13:10:48.779+00:00
O70-5244-00513-01,Atenolol,TOTAMOL,50 mg,6,ADJUSTMENT_MINUS,SIM-F|WASTAGE|Wastage / spillage,2026-06-07T14:49:04.075+00:00
O99-6944-08929-02,(Homeopathy) Actaea Racemosa,ACTAEA RACEMOSA-BOIRON,7 CH,2,ADJUSTMENT_MINUS,SIM-F|DAMAGED|Damaged goods write-off,2026-06-07T23:23:42.626+00:00
EY2-C567-05396-01,Telmisartan,Telmisan-40,40 mg,5,ADJUSTMENT_MINUS,SIM-F|EXPIRED_WRITEOFF|Expired stock write-off,2026-06-08T08:36:21.3+00:00
Q47-D182-17374-01,"Sodium Chloride,Hyaluronic acid (700-900 KDA)",NebuVent Inhalation Solution,"2 %/1Vial,0.1 %/1Vial",1,ADJUSTMENT_MINUS,SIM-F|DAMAGED|Damaged goods write-off,2026-06-08T17:30:59.057+00:00
M01-5583-00459-01,Ascorbic Acid (Vitamin C),VITAMIN C,1 g,7,ADJUSTMENT_MINUS,SIM-F|DAMAGED|Damaged goods write-off,2026-06-08T21:15:25.67+00:00
I72-4535-02038-01,Enalapril Maleate,RENITEC,10 mg,1,ADJUSTMENT_MINUS,SIM-F|DAMAGED|Damaged goods write-off,2026-06-09T01:21:16.901+00:00
A64-5211-05543-01,"Dexamethasone,Tobramycin",TOBRADEX,"1 mg/g,3 mg/g",1,ADJUSTMENT_MINUS,SIM-F|DAMAGED|Damaged goods write-off,2026-06-09T04:49:02.949+00:00
Q47-9817-10170-01,Nattokinase 20.000 FU/g,THROMBOZYM,100 mg,8,ADJUSTMENT_PLUS,SIM-F|RECEIVING_ERROR|Receiving quantity correction,2026-06-09T10:43:13.739+00:00
VM0-D955-20311-01,Dietary Supplement Multivitamin Combination,Infatrini Powder,37 Multivitamin combination,8,ADJUSTMENT_MINUS,SIM-F|DAMAGED|Damaged goods write-off,2026-06-09T15:06:29.413+00:00
H98-2409-03006-01,Insulin-Isophane biphasic (human) (Soluble/Regular 40% Isophane 60%) (HUMULIN),HUMULIN PROFILE-40,100 U/ml,5,ADJUSTMENT_MINUS,SIM-F|DAMAGED|Damaged goods write-off,2026-06-09T22:23:59.543+00:00
J82-6327-00730-01,Bisoprolol Fumarate,ZYNCOR,5 mg,7,ADJUSTMENT_MINUS,SIM-F|DAMAGED|Damaged goods write-off,2026-06-10T00:20:12.297+00:00
F69-0666-05696-01,"Inactivated polio virus type I (Mahoney strain),Inactivated polio virus type II (MEF-1 strain),Inactivated polio virus type III (Saukett strain),Pertussis toxoid (antigen),Tetanus toxoid,Vaccine-Diphtheria toxoid",BOOSTRIX POLIO,"40 DU/0.5ml,8 DU/0.5ml,32 DU/0.5ml,8 mcg/0.5ml,20 IU/0.5ml,2 IU/0.5ml",28,ADJUSTMENT_PLUS,SIM-F|RECEIVING_ERROR|Receiving quantity correction,2026-06-10T02:41:53.46+00:00
F27-2580-01392-01,"Coal Tar,Salicylic Acid",IONIL - T,"42.5 mg/ml,20 mg/ml",2,ADJUSTMENT_MINUS,SIM-F|DAMAGED|Damaged goods write-off,2026-06-10T12:46:03.756+00:00
E45-D169-17022-01,"Azelastine hydrochloride Ph. Eur. 137 micrograms  equivalent to Azelastine,Fluticasone propionate Ph. Eur.",AZEMISTA,"0.137 mg/1 Actuation,0.05 mg/1 Actuation",15,ADJUSTMENT_PLUS,SIM-F|RECEIVING_ERROR|Receiving quantity correction,2026-06-10T19:51:02.205+00:00
E58-2739-03907-01,Multivitamin,KETOVITE,Combination,28,ADJUSTMENT_PLUS,SIM-F|SYSTEM_CORRECTION|System quantity correction,2026-06-11T19:06:37.842+00:00
I13-2653-01035-02,Cefixime,IXIME,100 mg/5ml,14,ADJUSTMENT_MINUS,SIM-F|DAMAGED|Damaged goods write-off,2026-06-11T22:34:42.218+00:00
H68-9359-04692-01,Pregabalin,LEBALIX,150 mg,2,ADJUSTMENT_MINUS,SIM-F|DAMAGED|Damaged goods write-off,2026-06-12T03:52:41.575+00:00
B40-3466-03833-01,Mirabegron,MYRBETRIQ,25 mg,1,ADJUSTMENT_MINUS,SIM-F|DAMAGED|Damaged goods write-off,2026-06-12T14:24:28.157+00:00
L93-0759-01613-01,Deflazacort,CALCORT,6 mg,7,ADJUSTMENT_PLUS,SIM-F|RECEIVING_ERROR|Receiving quantity correction,2026-06-12T16:09:02.157+00:00
EB5-A299-05526-01,Tinidazole,Tinidazole 500mg ,500 mg,10,ADJUSTMENT_PLUS,SIM-F|RECEIVING_ERROR|Receiving quantity correction,2026-06-12T21:15:51.784+00:00
J82-6672-03885-01,Moxifloxacin Hydrochloride,MOXIQUIN,400 mg,2,ADJUSTMENT_MINUS,SIM-F|DAMAGED|Damaged goods write-off,2026-06-12T23:03:31.305+00:00
B12-0264-00356-01,"Ampicillin Sodium,Sulbactam Sodium",AMPICILLIN AND SULBACTAM,"2 g,1 g",26,ADJUSTMENT_PLUS,SIM-F|RECEIVING_ERROR|Receiving quantity correction,2026-06-13T05:31:27.324+00:00
I53-5720-01050-01,Cefpodoxime Proxetil,ZAKON,100 mg/5ml,4,ADJUSTMENT_MINUS,SIM-F|DAMAGED|Damaged goods write-off,2026-06-13T23:54:53.55+00:00
E12-0698-04618-01,"Potassium Chloride,Sodium Aspartate,Sodium chloride,Sodium Glutamate,Trometamol (Tromethamine)",BUCKBERG BLOOD CARDIOPLEGIA SOLUTION,"14.79 mmol,27.92 mmol,15.55 mmol,28.14 mmol,26.61 mmol",1,ADJUSTMENT_MINUS,SIM-F|EXPIRED_WRITEOFF|Expired stock write-off,2026-06-14T03:24:11.906+00:00
CF2-A480-00521-01,Atorvastatin Calcium,Atoris,20 mg,19,ADJUSTMENT_PLUS,SIM-F|RECEIVING_ERROR|Receiving quantity correction,2026-06-14T04:07:38.553+00:00
J38-1251-01572-01,Dantrolene,DANTRIUM,25 mg,15,ADJUSTMENT_MINUS,SIM-F|DAMAGED|Damaged goods write-off,2026-06-14T07:42:40.729+00:00
F94-2437-02857-01,Hydroxocobalamin,HYDROXOCOBALAMIN,1 mg/ml,6,ADJUSTMENT_MINUS,SIM-F|EXPIRED_WRITEOFF|Expired stock write-off,2026-06-14T11:22:47.384+00:00
E12-0698-04618-01,"Potassium Chloride,Sodium Aspartate,Sodium chloride,Sodium Glutamate,Trometamol (Tromethamine)",BUCKBERG BLOOD CARDIOPLEGIA SOLUTION,"14.79 mmol,27.92 mmol,15.55 mmol,28.14 mmol,26.61 mmol",10,ADJUSTMENT_MINUS,SIM-F|EXPIRED_WRITEOFF|Expired stock write-off,2026-06-14T16:02:24.977+00:00
J82-0612-00691-01,"Betamethasone Valerate,Neomycin Sulfate",BEVASON-N,"1 mg/g,5 mg/g",11,ADJUSTMENT_MINUS,SIM-F|WASTAGE|Wastage / spillage,2026-06-14T16:17:09.338+00:00
E55-3093-03602-01,"Melaleuca Altemifolia Leaf Oil,Neem Oil",MAGOPID,"9 %,0.1 %",5,ADJUSTMENT_MINUS,SIM-F|DAMAGED|Damaged goods write-off,2026-06-14T16:36:07.836+00:00
E93-4075-03667-01,Mesalazine,PENTASA,1 g,6,ADJUSTMENT_PLUS,SIM-F|SYSTEM_CORRECTION|System quantity correction,2026-06-14T20:23:25.463+00:00
J95-3239-03706-01,Methotrexate,METHOTREXATE,2.5 mg,6,ADJUSTMENT_PLUS,SIM-F|RECEIVING_ERROR|Receiving quantity correction,2026-06-14T22:02:49.797+00:00
F32-5281-03846-01,Modified Cellulose MC,TRICHLOROACETIC ACID,250 g,16,ADJUSTMENT_PLUS,SIM-F|RECEIVING_ERROR|Receiving quantity correction,2026-06-15T02:31:43.268+00:00
M15-0130-03744-01,Methylprednisolone Aceponate,ADVANTAN,1 mg/g,25,ADJUSTMENT_PLUS,SIM-F|RECEIVING_ERROR|Receiving quantity correction,2026-06-15T06:46:22.59+00:00
F91-E130-19622-01,Cholecalciferol (Vitamin D3),OSTAVIDA ODX,2000 IU/1 Film,16,ADJUSTMENT_PLUS,SIM-F|RECEIVING_ERROR|Receiving quantity correction,2026-06-15T08:16:48.831+00:00
F25-6937-07026-01,"Eucalyptus Oil,Cajuput Oil,Levomenthol,Peppermint oil",OLBAS INHALER,"20 g/100g,20 g/100g,40 g/100g,20 g/100g",12,ADJUSTMENT_PLUS,SIM-F|RECEIVING_ERROR|Receiving quantity correction,2026-06-15T12:40:30.815+00:00
J39-3402-04579-01,"Polyethylene Glycol (Macrogol 3350),Potassium Chloride,Sodium Bicarbonate,Sodium chloride",MOVICOL,"13.125 g,46.6 mg,178.5 mg,350.7 mg",30,ADJUSTMENT_PLUS,SIM-F|RECEIVING_ERROR|Receiving quantity correction,2026-06-15T14:14:02.082+00:00
J30-6466-02567-01,Gliclazide,GLYNEXA MR,30 mg,3,ADJUSTMENT_MINUS,SIM-F|WASTAGE|Wastage / spillage,2026-06-16T02:50:32.963+00:00
T48-7735-14733-02,Tacrolimus,TACROZ FORTE,1.05 mg/1 g,11,ADJUSTMENT_MINUS,SIM-F|DAMAGED|Damaged goods write-off,2026-06-16T03:47:36.832+00:00
BT2-8960-09050-02,"Hyaluronic acid sodium salt,L Proline,Glycine,L Lysine monohydrochloride,L Leucine",Hyalfid,"0.15 10ml,0.0752 10ml,0.1 10ml,0.014 10ml,0.0108 10ml",6,ADJUSTMENT_PLUS,SIM-F|RECEIVING_ERROR|Receiving quantity correction,2026-06-16T05:50:06.648+00:00
F69-5059-05741-01,Vaccine-Pneumococcal polysaccharide from each of 10 capsular types of Streptococcus pneumoniae (conjugated to carrier proteins of Diphtheria toxoid- H. influenzae & Tetanus toxoid) adsorbed,SYNFLORIX VACCINE,1 mgor3mgofeach/0.5ml,3,ADJUSTMENT_MINUS,SIM-F|EXPIRED_WRITEOFF|Expired stock write-off,2026-06-16T18:00:49.812+00:00
FT0-5675-04185-01,Orlistat,XENICAL,120 mg,5,ADJUSTMENT_MINUS,SIM-F|DAMAGED|Damaged goods write-off,2026-06-16T21:19:59.994+00:00
J45-5289-04217-01,Oxcarbazepine,TRILEPTAL,60 mg/ml,28,ADJUSTMENT_PLUS,SIM-F|SYSTEM_CORRECTION|System quantity correction,2026-06-16T22:59:35.74+00:00
F68-A884-02428-01,Fluticasone Propionate,Axotide Junior,50 mcg,10,ADJUSTMENT_PLUS,SIM-F|SYSTEM_CORRECTION|System quantity correction,2026-06-17T04:53:15.106+00:00
E53-1388-01824-01,Digestive Combination& Probiotics,DIGEST GOLD+PROBIOTICS,Combination,14,ADJUSTMENT_PLUS,SIM-F|SYSTEM_CORRECTION|System quantity correction,2026-06-17T07:08:57.392+00:00
J23-3580-00333-01,Amoxicillin Trihydrate,NEOMOX,250 mg/5ml,15,ADJUSTMENT_PLUS,SIM-F|SYSTEM_CORRECTION|System quantity correction,2026-06-17T08:38:05.892+00:00
E15-D372-14771-01,Sugammadex sodium 108.80 mg equivalent to Sugammadex 100 mg,SUGAMRED,100 mg/ml,10,ADJUSTMENT_PLUS,SIM-F|RECEIVING_ERROR|Receiving quantity correction,2026-06-17T08:57:03.112+00:00
EB3-1400-10825-02,Diltiazem Hydrochloride,DILTIAZEM HYDROCHLORIDE,5 mg/ml,9,ADJUSTMENT_MINUS,SIM-F|EXPIRED_WRITEOFF|Expired stock write-off,2026-06-17T09:43:49.344+00:00
J16-1882-02315-01,Ferrous Gluconate,FERROUS GLUCONATE,300 mg,2,ADJUSTMENT_MINUS,SIM-F|WASTAGE|Wastage / spillage,2026-06-17T11:47:10.872+00:00
EY2-E395-20604-01,Abiraterone Acetate USP,CANTIGA,500 mg/1Tablet,3,ADJUSTMENT_MINUS,SIM-F|DAMAGED|Damaged goods write-off,2026-06-17T17:06:40.964+00:00
J30-6307-06473-03,"Sodium chloride,Potassium Chloride,Glucose (anhydrous),Sodium Citrate",ORIX,"3.5 g/ 30g,1.5 g/ 30g,20 g/ 30g,2.9 g/ 30g",18,ADJUSTMENT_PLUS,SIM-F|RECEIVING_ERROR|Receiving quantity correction,2026-06-17T18:15:03.901+00:00
F91-D362-19285-01,Coenzyme Q10 (Ubiquinone)& selenium& fish lipid oil,EMIQ,Combination,5,ADJUSTMENT_PLUS,SIM-F|RECEIVING_ERROR|Receiving quantity correction,2026-06-17T22:34:32.852+00:00
E12-8826-08702-03,Physostigmine Salicylate,ANTICHOLIUM,2 mg/5ml,13,ADJUSTMENT_MINUS,SIM-F|EXPIRED_WRITEOFF|Expired stock write-off,2026-06-18T09:21:26.29+00:00
Q77-C146-00519-03,Atomoxetine Hydrochloride,Atomoxetine,60 mg,10,ADJUSTMENT_MINUS,SIM-F|WASTAGE|Wastage / spillage,2026-06-18T12:00:04.483+00:00
EV8-A448-06378-01,Serrapeptase (Serratiopeptidase),Maxilase,10 mg,3,ADJUSTMENT_MINUS,SIM-F|EXPIRED_WRITEOFF|Expired stock write-off,2026-06-18T18:05:23.704+00:00
FQ3-A671-11414-01,"Atropa belladonna D6,Euphrasia 3c D6,Hepar sulfuris D12",Similasan Irritated Eye Relief,"303.333 mg/1 g,303.333 mg/1 g,303.333 mg/1 g",3,ADJUSTMENT_MINUS,SIM-F|DAMAGED|Damaged goods write-off,2026-06-18T22:54:12.681+00:00
EE7-2855-11079-02,Lurasidone Hydrochloride,LATUDA,40 mg,2,ADJUSTMENT_MINUS,SIM-F|DAMAGED|Damaged goods write-off,2026-06-19T08:13:04.463+00:00
J77-1082-04572-01,"Lactic acid,Polidocanol,Salicylic Acid",COLLOMAK,"0.5 g/10g,0.2 g/10g,2 g/10g",3,ADJUSTMENT_MINUS,SIM-F|EXPIRED_WRITEOFF|Expired stock write-off,2026-06-19T13:44:59.707+00:00
B40-3466-03833-01,Mirabegron,MYRBETRIQ,25 mg,1,ADJUSTMENT_MINUS,SIM-F|WASTAGE|Wastage / spillage,2026-06-19T13:54:49.937+00:00
J82-6675-04295-01,Pantoprazole Sodium,PANTOZYN,20 mg,5,ADJUSTMENT_MINUS,SIM-F|EXPIRED_WRITEOFF|Expired stock write-off,2026-06-19T15:23:43.173+00:00
EI3-4746-05035-02,Scopolamine,SCOPODERM,1.5 mg,9,ADJUSTMENT_MINUS,SIM-F|DAMAGED|Damaged goods write-off,2026-06-19T18:58:52.609+00:00